{
  "multipart": [
    {
      "apply": {
        "model": "minecraft:block/chiseled_bookshelf",
        "y": 0
      },
      "when": {
        "facing": "north"
      }
    },
    {
      "apply": [ {
        "model": "minecraft:block/chiseled_bookshelf_occupied_slot_bottom_right",
        "y": 0
      }, {
        "model": "minecraft:block/chiseled_bookshelf_occupied_slot_bottom_right_2",
        "y": 0
      }, {
        "model": "minecraft:block/chiseled_bookshelf_occupied_slot_bottom_right_3",
        "y": 0
      }, {
        "model": "minecraft:block/chiseled_bookshelf_occupied_slot_bottom_right_4",
        "y": 0
      } ],
      "when": {
        "AND": [
          {
            "facing": "north"
          },
          {
            "slot_5_occupied": "true"
          }
        ]
      }
    },
    {
      "apply": {
        "model": "minecraft:block/chiseled_bookshelf_empty_slot_bottom_right",
        "y": 0
      },
      "when": {
        "AND": [
          {
            "facing": "north"
          },
          {
            "slot_5_occupied": "false"
          }
        ]
      }
    },
    {
      "apply": [ {
        "model": "minecraft:block/chiseled_bookshelf_occupied_slot_top_right",
        "y": 0
      }, {
        "model": "minecraft:block/chiseled_bookshelf_occupied_slot_top_right_2",
        "y": 0
      },{
        "model": "minecraft:block/chiseled_bookshelf_occupied_slot_top_right_3",
        "y": 0
      },{
        "model": "minecraft:block/chiseled_bookshelf_occupied_slot_top_right_4",
        "y": 0
      } ],
      "when": {
        "AND": [
          {
            "facing": "north"
          },
          {
            "slot_2_occupied": "true"
          }
        ]
      }
    },
    {
      "apply": {
        "model": "minecraft:block/chiseled_bookshelf_empty_slot_top_right",
        "y": 0
      },
      "when": {
        "AND": [
          {
            "facing": "north"
          },
          {
            "slot_2_occupied": "false"
          }
        ]
      }
    },
    {
      "apply": [ {
        "model": "minecraft:block/chiseled_bookshelf_occupied_slot_top_left",
        "y": 0
      }, {
        "model": "minecraft:block/chiseled_bookshelf_occupied_slot_top_left_2",
        "y": 0
      }, {
        "model": "minecraft:block/chiseled_bookshelf_occupied_slot_top_left_3",
        "y": 0
      }, {
        "model": "minecraft:block/chiseled_bookshelf_occupied_slot_top_left_4",
        "y": 0
      } ],
      "when": {
        "AND": [
          {
            "facing": "north"
          },
          {
            "slot_0_occupied": "true"
          }
        ]
      }
    },
    {
      "apply": {
        "model": "minecraft:block/chiseled_bookshelf_empty_slot_top_left",
        "y": 0
      },
      "when": {
        "AND": [
          {
            "facing": "north"
          },
          {
            "slot_0_occupied": "false"
          }
        ]
      }
    },
    {
      "apply": [ {
        "model": "minecraft:block/chiseled_bookshelf_occupied_slot_bottom_mid",
        "y": 0
      }, {
        "model": "minecraft:block/chiseled_bookshelf_occupied_slot_bottom_mid_2",
        "y": 0
      }, {
        "model": "minecraft:block/chiseled_bookshelf_occupied_slot_bottom_mid_3",
        "y": 0
      }, {
        "model": "minecraft:block/chiseled_bookshelf_occupied_slot_bottom_mid_4",
        "y": 0
      } ],
      "when": {
        "AND": [
          {
            "facing": "north"
          },
          {
            "slot_4_occupied": "true"
          }
        ]
      }
    },
    {
      "apply": {
        "model": "minecraft:block/chiseled_bookshelf_empty_slot_bottom_mid",
        "y": 0
      },
      "when": {
        "AND": [
          {
            "facing": "north"
          },
          {
            "slot_4_occupied": "false"
          }
        ]
      }
    },
    {
      "apply": [ {
        "model": "minecraft:block/chiseled_bookshelf_occupied_slot_top_mid",
        "y": 0
      }, {
        "model": "minecraft:block/chiseled_bookshelf_occupied_slot_top_mid_2",
        "y": 0
      }, {
        "model": "minecraft:block/chiseled_bookshelf_occupied_slot_top_mid_3",
        "y": 0
      }, {
        "model": "minecraft:block/chiseled_bookshelf_occupied_slot_top_mid_4",
        "y": 0
      } ],
      "when": {
        "AND": [
          {
            "facing": "north"
          },
          {
            "slot_1_occupied": "true"
          }
        ]
      }
    },
    {
      "apply": {
        "model": "minecraft:block/chiseled_bookshelf_empty_slot_top_mid",
        "y": 0
      },
      "when": {
        "AND": [
          {
            "facing": "north"
          },
          {
            "slot_1_occupied": "false"
          }
        ]
      }
    },
    {
      "apply": [ {
        "model": "minecraft:block/chiseled_bookshelf_occupied_slot_bottom_left",
        "y": 0
      }, {
        "model": "minecraft:block/chiseled_bookshelf_occupied_slot_bottom_left_2",
        "y": 0
      }, {
        "model": "minecraft:block/chiseled_bookshelf_occupied_slot_bottom_left_3",
        "y": 0
      }, {
        "model": "minecraft:block/chiseled_bookshelf_occupied_slot_bottom_left_4",
        "y": 0
      } ],
      "when": {
        "AND": [
          {
            "facing": "north"
          },
          {
            "slot_3_occupied": "true"
          }
        ]
      }
    },
    {
      "apply": {
        "model": "minecraft:block/chiseled_bookshelf_empty_slot_bottom_left",
        "y": 0
      },
      "when": {
        "AND": [
          {
            "facing": "north"
          },
          {
            "slot_3_occupied": "false"
          }
        ]
      }
    },
    {
      "apply": {
        "model": "minecraft:block/chiseled_bookshelf",
        "y": 180
      },
      "when": {
        "facing": "south"
      }
    },
    {
      "apply": [ {
        "model": "minecraft:block/chiseled_bookshelf_occupied_slot_bottom_right",
        "y": 180
      }, {
        "model": "minecraft:block/chiseled_bookshelf_occupied_slot_bottom_right_2",
        "y": 180
      }, {
        "model": "minecraft:block/chiseled_bookshelf_occupied_slot_bottom_right_3",
        "y": 180
      }, {
        "model": "minecraft:block/chiseled_bookshelf_occupied_slot_bottom_right_4",
        "y": 180
      } ],
      "when": {
        "AND": [
          {
            "facing": "south"
          },
          {
            "slot_5_occupied": "true"
          }
        ]
      }
    },
    {
      "apply": {
        "model": "minecraft:block/chiseled_bookshelf_empty_slot_bottom_right",
        "y": 180
      },
      "when": {
        "AND": [
          {
            "facing": "south"
          },
          {
            "slot_5_occupied": "false"
          }
        ]
      }
    },
    {
      "apply": [ {
        "model": "minecraft:block/chiseled_bookshelf_occupied_slot_top_right",
        "y": 180
      }, {
        "model": "minecraft:block/chiseled_bookshelf_occupied_slot_top_right_2",
        "y": 180
      }, {
        "model": "minecraft:block/chiseled_bookshelf_occupied_slot_top_right_3",
        "y": 180
      }, {
        "model": "minecraft:block/chiseled_bookshelf_occupied_slot_top_right_4",
        "y": 180
      } ],
      "when": {
        "AND": [
          {
            "facing": "south"
          },
          {
            "slot_2_occupied": "true"
          }
        ]
      }
    },
    {
      "apply": {
        "model": "minecraft:block/chiseled_bookshelf_empty_slot_top_right",
        "y": 180
      },
      "when": {
        "AND": [
          {
            "facing": "south"
          },
          {
            "slot_2_occupied": "false"
          }
        ]
      }
    },
    {
      "apply": [ {
        "model": "minecraft:block/chiseled_bookshelf_occupied_slot_top_left",
        "y": 180
      }, {
        "model": "minecraft:block/chiseled_bookshelf_occupied_slot_top_left_2",
        "y": 180
      }, {
        "model": "minecraft:block/chiseled_bookshelf_occupied_slot_top_left_3",
        "y": 180
      }, {
        "model": "minecraft:block/chiseled_bookshelf_occupied_slot_top_left_4",
        "y": 180
      } ],
      "when": {
        "AND": [
          {
            "facing": "south"
          },
          {
            "slot_0_occupied": "true"
          }
        ]
      }
    },
    {
      "apply": {
        "model": "minecraft:block/chiseled_bookshelf_empty_slot_top_left",
        "y": 180
      },
      "when": {
        "AND": [
          {
            "facing": "south"
          },
          {
            "slot_0_occupied": "false"
          }
        ]
      }
    },
    {
      "apply": [ {
        "model": "minecraft:block/chiseled_bookshelf_occupied_slot_bottom_mid",
        "y": 180
      }, {
        "model": "minecraft:block/chiseled_bookshelf_occupied_slot_bottom_mid_2",
        "y": 180
      }, {
        "model": "minecraft:block/chiseled_bookshelf_occupied_slot_bottom_mid_3",
        "y": 180
      }, {
        "model": "minecraft:block/chiseled_bookshelf_occupied_slot_bottom_mid_4",
        "y": 180
      } ],
      "when": {
        "AND": [
          {
            "facing": "south"
          },
          {
            "slot_4_occupied": "true"
          }
        ]
      }
    },
    {
      "apply": {
        "model": "minecraft:block/chiseled_bookshelf_empty_slot_bottom_mid",
        "y": 180
      },
      "when": {
        "AND": [
          {
            "facing": "south"
          },
          {
            "slot_4_occupied": "false"
          }
        ]
      }
    },
    {
      "apply": [ {
        "model": "minecraft:block/chiseled_bookshelf_occupied_slot_top_mid",
        "y": 180
      }, {
        "model": "minecraft:block/chiseled_bookshelf_occupied_slot_top_mid_2",
        "y": 180
      }, {
        "model": "minecraft:block/chiseled_bookshelf_occupied_slot_top_mid_3",
        "y": 180
      }, {
        "model": "minecraft:block/chiseled_bookshelf_occupied_slot_top_mid_4",
        "y": 180
      } ],
      "when": {
        "AND": [
          {
            "facing": "south"
          },
          {
            "slot_1_occupied": "true"
          }
        ]
      }
    },
    {
      "apply": {
        "model": "minecraft:block/chiseled_bookshelf_empty_slot_top_mid",
        "y": 180
      },
      "when": {
        "AND": [
          {
            "facing": "south"
          },
          {
            "slot_1_occupied": "false"
          }
        ]
      }
    },
    {
      "apply": [ {
        "model": "minecraft:block/chiseled_bookshelf_occupied_slot_bottom_left",
        "y": 180
      }, {
        "model": "minecraft:block/chiseled_bookshelf_occupied_slot_bottom_left_2",
        "y": 180
      }, {
        "model": "minecraft:block/chiseled_bookshelf_occupied_slot_bottom_left_3",
        "y": 180
      }, {
        "model": "minecraft:block/chiseled_bookshelf_occupied_slot_bottom_left_4",
        "y": 180
      } ],
      "when": {
        "AND": [
          {
            "facing": "south"
          },
          {
            "slot_3_occupied": "true"
          }
        ]
      }
    },
    {
      "apply": {
        "model": "minecraft:block/chiseled_bookshelf_empty_slot_bottom_left",
        "y": 180
      },
      "when": {
        "AND": [
          {
            "facing": "south"
          },
          {
            "slot_3_occupied": "false"
          }
        ]
      }
    },
    {
      "apply": {
        "model": "minecraft:block/chiseled_bookshelf",
        "y": 270
      },
      "when": {
        "facing": "west"
      }
    },
    {
      "apply": [ {
        "model": "minecraft:block/chiseled_bookshelf_occupied_slot_bottom_right",
        "y": 270
      }, {
        "model": "minecraft:block/chiseled_bookshelf_occupied_slot_bottom_right_2",
        "y": 270
      }, {
        "model": "minecraft:block/chiseled_bookshelf_occupied_slot_bottom_right_3",
        "y": 270
      }, {
        "model": "minecraft:block/chiseled_bookshelf_occupied_slot_bottom_right_4",
        "y": 270
      } ],
      "when": {
        "AND": [
          {
            "facing": "west"
          },
          {
            "slot_5_occupied": "true"
          }
        ]
      }
    },
    {
      "apply": {
        "model": "minecraft:block/chiseled_bookshelf_empty_slot_bottom_right",
        "y": 270
      },
      "when": {
        "AND": [
          {
            "facing": "west"
          },
          {
            "slot_5_occupied": "false"
          }
        ]
      }
    },
    {
      "apply": [ {
        "model": "minecraft:block/chiseled_bookshelf_occupied_slot_top_right",
        "y": 270
      }, {
        "model": "minecraft:block/chiseled_bookshelf_occupied_slot_top_right_2",
        "y": 270
      }, {
        "model": "minecraft:block/chiseled_bookshelf_occupied_slot_top_right_3",
        "y": 270
      }, {
        "model": "minecraft:block/chiseled_bookshelf_occupied_slot_top_right_4",
        "y": 270
      } ],
      "when": {
        "AND": [
          {
            "facing": "west"
          },
          {
            "slot_2_occupied": "true"
          }
        ]
      }
    },
    {
      "apply": {
        "model": "minecraft:block/chiseled_bookshelf_empty_slot_top_right",
        "y": 270
      },
      "when": {
        "AND": [
          {
            "facing": "west"
          },
          {
            "slot_2_occupied": "false"
          }
        ]
      }
    },
    {
      "apply": [ {
        "model": "minecraft:block/chiseled_bookshelf_occupied_slot_top_left",
        "y": 270
      }, {
        "model": "minecraft:block/chiseled_bookshelf_occupied_slot_top_left_2",
        "y": 270
      }, {
        "model": "minecraft:block/chiseled_bookshelf_occupied_slot_top_left_3",
        "y": 270
      }, {
        "model": "minecraft:block/chiseled_bookshelf_occupied_slot_top_left_4",
        "y": 270
      } ],
      "when": {
        "AND": [
          {
            "facing": "west"
          },
          {
            "slot_0_occupied": "true"
          }
        ]
      }
    },
    {
      "apply": {
        "model": "minecraft:block/chiseled_bookshelf_empty_slot_top_left",
        "y": 270
      },
      "when": {
        "AND": [
          {
            "facing": "west"
          },
          {
            "slot_0_occupied": "false"
          }
        ]
      }
    },
    {
      "apply": [ {
        "model": "minecraft:block/chiseled_bookshelf_occupied_slot_bottom_mid",
        "y": 270
      }, {
        "model": "minecraft:block/chiseled_bookshelf_occupied_slot_bottom_mid_2",
        "y": 270
      }, {
        "model": "minecraft:block/chiseled_bookshelf_occupied_slot_bottom_mid_3",
        "y": 270
      }, {
        "model": "minecraft:block/chiseled_bookshelf_occupied_slot_bottom_mid_4",
        "y": 270
      } ],
      "when": {
        "AND": [
          {
            "facing": "west"
          },
          {
            "slot_4_occupied": "true"
          }
        ]
      }
    },
    {
      "apply": {
        "model": "minecraft:block/chiseled_bookshelf_empty_slot_bottom_mid",
        "y": 270
      },
      "when": {
        "AND": [
          {
            "facing": "west"
          },
          {
            "slot_4_occupied": "false"
          }
        ]
      }
    },
    {
      "apply": [ {
        "model": "minecraft:block/chiseled_bookshelf_occupied_slot_top_mid",
        "y": 270
      }, {
        "model": "minecraft:block/chiseled_bookshelf_occupied_slot_top_mid_2",
        "y": 270
      }, {
        "model": "minecraft:block/chiseled_bookshelf_occupied_slot_top_mid_3",
        "y": 270
      }, {
        "model": "minecraft:block/chiseled_bookshelf_occupied_slot_top_mid_4",
        "y": 270
      } ],
      "when": {
        "AND": [
          {
            "facing": "west"
          },
          {
            "slot_1_occupied": "true"
          }
        ]
      }
    },
    {
      "apply": {
        "model": "minecraft:block/chiseled_bookshelf_empty_slot_top_mid",
        "y": 270
      },
      "when": {
        "AND": [
          {
            "facing": "west"
          },
          {
            "slot_1_occupied": "false"
          }
        ]
      }
    },
    {
      "apply": [ {
        "model": "minecraft:block/chiseled_bookshelf_occupied_slot_bottom_left",
        "y": 270
      }, {
        "model": "minecraft:block/chiseled_bookshelf_occupied_slot_bottom_left_2",
        "y": 270
      }, {
        "model": "minecraft:block/chiseled_bookshelf_occupied_slot_bottom_left_3",
        "y": 270
      }, {
        "model": "minecraft:block/chiseled_bookshelf_occupied_slot_bottom_left_4",
        "y": 270
      } ],
      "when": {
        "AND": [
          {
            "facing": "west"
          },
          {
            "slot_3_occupied": "true"
          }
        ]
      }
    },
    {
      "apply": {
        "model": "minecraft:block/chiseled_bookshelf_empty_slot_bottom_left",
        "y": 270
      },
      "when": {
        "AND": [
          {
            "facing": "west"
          },
          {
            "slot_3_occupied": "false"
          }
        ]
      }
    },
    {
      "apply": {
        "model": "minecraft:block/chiseled_bookshelf",
        "y": 90
      },
      "when": {
        "facing": "east"
      }
    },
    {
      "apply": [ {
        "model": "minecraft:block/chiseled_bookshelf_occupied_slot_bottom_right",
        "y": 90
      }, {
        "model": "minecraft:block/chiseled_bookshelf_occupied_slot_bottom_right_2",
        "y": 90
      }, {
        "model": "minecraft:block/chiseled_bookshelf_occupied_slot_bottom_right_3",
        "y": 90
      }, {
        "model": "minecraft:block/chiseled_bookshelf_occupied_slot_bottom_right_4",
        "y": 90
      } ],
      "when": {
        "AND": [
          {
            "facing": "east"
          },
          {
            "slot_5_occupied": "true"
          }
        ]
      }
    },
    {
      "apply": {
        "model": "minecraft:block/chiseled_bookshelf_empty_slot_bottom_right",
        "y": 90
      },
      "when": {
        "AND": [
          {
            "facing": "east"
          },
          {
            "slot_5_occupied": "false"
          }
        ]
      }
    },
    {
      "apply": [ {
        "model": "minecraft:block/chiseled_bookshelf_occupied_slot_top_right",
        "y": 90
      }, {
        "model": "minecraft:block/chiseled_bookshelf_occupied_slot_top_right_2",
        "y": 90
      }, {
        "model": "minecraft:block/chiseled_bookshelf_occupied_slot_top_right_3",
        "y": 90
      }, {
        "model": "minecraft:block/chiseled_bookshelf_occupied_slot_top_right_4",
        "y": 90
      } ],
      "when": {
        "AND": [
          {
            "facing": "east"
          },
          {
            "slot_2_occupied": "true"
          }
        ]
      }
    },
    {
      "apply": {
        "model": "minecraft:block/chiseled_bookshelf_empty_slot_top_right",
        "y": 90
      },
      "when": {
        "AND": [
          {
            "facing": "east"
          },
          {
            "slot_2_occupied": "false"
          }
        ]
      }
    },
    {
      "apply": [ {
        "model": "minecraft:block/chiseled_bookshelf_occupied_slot_top_left",
        "y": 90
      }, {
        "model": "minecraft:block/chiseled_bookshelf_occupied_slot_top_left_2",
        "y": 90
      }, {
        "model": "minecraft:block/chiseled_bookshelf_occupied_slot_top_left_3",
        "y": 90
      }, {
        "model": "minecraft:block/chiseled_bookshelf_occupied_slot_top_left_4",
        "y": 90
      } ],
      "when": {
        "AND": [
          {
            "facing": "east"
          },
          {
            "slot_0_occupied": "true"
          }
        ]
      }
    },
    {
      "apply": {
        "model": "minecraft:block/chiseled_bookshelf_empty_slot_top_left",
        "y": 90
      },
      "when": {
        "AND": [
          {
            "facing": "east"
          },
          {
            "slot_0_occupied": "false"
          }
        ]
      }
    },
    {
      "apply": [ {
        "model": "minecraft:block/chiseled_bookshelf_occupied_slot_bottom_mid",
        "y": 90
      }, {
        "model": "minecraft:block/chiseled_bookshelf_occupied_slot_bottom_mid_2",
        "y": 90
      }, {
        "model": "minecraft:block/chiseled_bookshelf_occupied_slot_bottom_mid_3",
        "y": 90
      }, {
        "model": "minecraft:block/chiseled_bookshelf_occupied_slot_bottom_mid_4",
        "y": 90
      } ],
      "when": {
        "AND": [
          {
            "facing": "east"
          },
          {
            "slot_4_occupied": "true"
          }
        ]
      }
    },
    {
      "apply": {
        "model": "minecraft:block/chiseled_bookshelf_empty_slot_bottom_mid",
        "y": 90
      },
      "when": {
        "AND": [
          {
            "facing": "east"
          },
          {
            "slot_4_occupied": "false"
          }
        ]
      }
    },
    {
      "apply": [ {
        "model": "minecraft:block/chiseled_bookshelf_occupied_slot_top_mid",
        "y": 90
      }, {
        "model": "minecraft:block/chiseled_bookshelf_occupied_slot_top_mid_2",
        "y": 90
      }, {
        "model": "minecraft:block/chiseled_bookshelf_occupied_slot_top_mid_3",
        "y": 90
      }, {
        "model": "minecraft:block/chiseled_bookshelf_occupied_slot_top_mid_4",
        "y": 90
      } ],
      "when": {
        "AND": [
          {
            "facing": "east"
          },
          {
            "slot_1_occupied": "true"
          }
        ]
      }
    },
    {
      "apply": {
        "model": "minecraft:block/chiseled_bookshelf_empty_slot_top_mid",
        "y": 90
      },
      "when": {
        "AND": [
          {
            "facing": "east"
          },
          {
            "slot_1_occupied": "false"
          }
        ]
      }
    },
    {
      "apply": [ {
        "model": "minecraft:block/chiseled_bookshelf_occupied_slot_bottom_left",
        "y": 90
      }, {
        "model": "minecraft:block/chiseled_bookshelf_occupied_slot_bottom_left_2",
        "y": 90
      }, {
        "model": "minecraft:block/chiseled_bookshelf_occupied_slot_bottom_left_3",
        "y": 90
      }, {
        "model": "minecraft:block/chiseled_bookshelf_occupied_slot_bottom_left_4",
        "y": 90
      } ],
      "when": {
        "AND": [
          {
            "facing": "east"
          },
          {
            "slot_3_occupied": "true"
          }
        ]
      }
    },
    {
      "apply": {
        "model": "minecraft:block/chiseled_bookshelf_empty_slot_bottom_left",
        "y": 90
      },
      "when": {
        "AND": [
          {
            "facing": "east"
          },
          {
            "slot_3_occupied": "false"
          }
        ]
      }
    }
  ]
}