{
  "variants": {
    "": [ {
      "model": "minecraft:block/jungle_leaves"
    }, {
      "model": "minecraft:block/jungle_leaves",
      "y": 90
    }, {
      "model": "minecraft:block/jungle_leaves",
      "y": 180
    }, {
      "model": "minecraft:block/jungle_leaves",
      "y": 270
    }, {
      "model": "minecraft:block/jungle_leaves_mirrored"
    }, {
      "model": "minecraft:block/jungle_leaves_mirrored",
      "y": 90
    }, {
      "model": "minecraft:block/jungle_leaves_mirrored",
      "y": 180
    }, {
      "model": "minecraft:block/jungle_leaves_mirrored",
      "y": 270
    } ]
  }
}
