{
  "variants": {
    "axis=x": [ {
      "model": "minecraft:block/oak_log_horizontal",
      "x": 90,
      "y": 90
    }, {
      "model": "minecraft:block/oak_log_horizontal_2",
      "x": 90,
      "y": 90
    }, {
      "model": "minecraft:block/oak_log_horizontal_3",
      "x": 90,
      "y": 90
    }, {
      "model": "minecraft:block/oak_log_horizontal_4",
      "x": 90,
      "y": 90
    } ],
    "axis=y": [ {
      "model": "minecraft:block/oak_log"
    }, {
      "model": "minecraft:block/oak_log_2"
    }, {
      "model": "minecraft:block/oak_log_3"
    }, {
      "model": "minecraft:block/oak_log_4"
    } ],
    "axis=z": [ {
      "model": "minecraft:block/oak_log_horizontal",
      "x": 90
    }, {
      "model": "minecraft:block/oak_log_horizontal_2",
      "x": 90
    }, {
      "model": "minecraft:block/oak_log_horizontal_3",
      "x": 90
    }, {
      "model": "minecraft:block/oak_log_horizontal_4",
      "x": 90
    } ]
  }
}