{
	"ambientocclusion": false,
	"textures": {
		"slab": "block/smooth_stone",
		"particle": "block/repeater",
		"top": "block/repeater",
		"unlit": "block/redstone_torch_off"
	},
	"elements": [
		{
			"from": [0, 0, 0],
			"to": [16, 2, 16],
			"faces": {
				"north": {"uv": [0, 14, 16, 16], "texture": "#slab", "cullface": "north"},
				"east": {"uv": [0, 14, 16, 16], "texture": "#slab", "cullface": "east"},
				"south": {"uv": [0, 14, 16, 16], "texture": "#slab", "cullface": "south"},
				"west": {"uv": [0, 14, 16, 16], "texture": "#slab", "cullface": "west"},
				"up": {"uv": [0, 0, 16, 16], "texture": "#top"},
				"down": {"uv": [0, 0, 16, 16], "texture": "#slab", "cullface": "down"}
			}
		},
		{
			"from": [7, 2, 6],
			"to": [9, 7, 8],
			"faces": {
				"north": {"uv": [7, 6, 9, 11], "texture": "#unlit"},
				"east": {"uv": [7, 6, 9, 11], "texture": "#unlit"},
				"south": {"uv": [7, 6, 9, 11], "texture": "#unlit"},
				"west": {"uv": [7, 6, 9, 11], "texture": "#unlit"},
				"up": {"uv": [7, 6, 9, 8], "texture": "#unlit"},
				"down": {"uv": [7, 13, 9, 15], "texture": "#unlit"}
			}
		},
		{
			"from": [7, 2, 2],
			"to": [9, 7, 4],
			"faces": {
				"north": {"uv": [7, 6, 9, 11], "texture": "#unlit"},
				"east": {"uv": [7, 6, 9, 11], "texture": "#unlit"},
				"south": {"uv": [7, 6, 9, 11], "texture": "#unlit"},
				"west": {"uv": [7, 6, 9, 11], "texture": "#unlit"},
				"up": {"uv": [7, 6, 9, 8], "texture": "#unlit"},
				"down": {"uv": [7, 13, 9, 15], "texture": "#unlit"}
			}
		}
	],
	"display": {
		"thirdperson_righthand": {
			"rotation": [90, 0, 0],
			"translation": [-2.75, 2.25, 2.75],
			"scale": [0.4, 0.4, 0.4]
		},
		"thirdperson_lefthand": {
			"rotation": [90, 0, 0],
			"translation": [-2.75, 2.25, 2.75],
			"scale": [0.4, 0.4, 0.4]
		},
		"firstperson_righthand": {
			"rotation": [60, 0, 0],
			"scale": [0.5, 0.5, 0.5]
		},
		"firstperson_lefthand": {
			"rotation": [60, 0, 0],
			"scale": [0.5, 0.5, 0.5]
		},
		"ground": {
			"translation": [0, 1, 0],
			"scale": [0.5, 0.5, 0.5]
		},
		"gui": {
			"rotation": [45, 45, 0],
			"translation": [0, 1.75, 0],
			"scale": [0.7, 0.7, 0.7]
		},
		"head": {
			"translation": [0, 13.5, 0]
		},
		"fixed": {
			"rotation": [-90, 0, 0],
			"translation": [0, 0, -6.75]
		}
	}
}
