{
	"textures": {
		"texture": "block/birch_trapdoor",
		"particle": "block/birch_trapdoor"
	},
	"elements": [
		{
			"from": [0, 0, 0],
			"to": [16, 3, 3],
			"rotation": {"angle": 0, "axis": "x", "origin": [8, -5, 8]},
			"faces": {
				"north": {"uv": [0, 0, 1, 1], "texture": "#texture"},
				"east": {"uv": [0, 0, 1, 1], "rotation": 270, "texture": "#texture"},
				"south": {"uv": [0, 0, 1, 1], "rotation": 180, "texture": "#texture"},
				"west": {"uv": [0, 0, 1, 1], "rotation": 90, "texture": "#texture"},
				"up": {"uv": [0, 13, 16, 16], "rotation": 180, "texture": "#texture"},
				"down": {"uv": [0, 13, 16, 16], "texture": "#texture"}
			}
		},
		{
			"from": [3, 1.25, 3],
			"to": [13, 1.75, 13],
			"rotation": {"angle": 0, "axis": "x", "origin": [8, -5, 8]},
			"faces": {
				"up": {"uv": [3, 3, 13, 13], "rotation": 180, "texture": "#texture"},
				"down": {"uv": [3, 3, 13, 13], "texture": "#texture"}
			}
		},
		{
			"from": [5, 0, 3],
			"to": [11, 3, 4],
			"rotation": {"angle": 0, "axis": "x", "origin": [8, -5, 8]},
			"faces": {
				"east": {"uv": [0, 0, 1, 1], "rotation": 270, "texture": "#texture"},
				"south": {"uv": [0, 0, 1, 1], "rotation": 180, "texture": "#texture"},
				"west": {"uv": [0, 0, 1, 1], "rotation": 90, "texture": "#texture"},
				"up": {"uv": [5, 12, 11, 13], "rotation": 180, "texture": "#texture"},
				"down": {"uv": [5, 12, 11, 13], "texture": "#texture"}
			}
		},
		{
			"from": [6, -0.75, 1],
			"to": [10, 3.75, 2],
			"rotation": {"angle": 0, "axis": "x", "origin": [8, -5, 8]},
			"faces": {
				"north": {"uv": [6, 14, 10, 15], "texture": "#texture"},
				"east": {"uv": [6, 14, 10, 15], "rotation": 270, "texture": "#texture"},
				"south": {"uv": [6, 14, 10, 15], "rotation": 180, "texture": "#texture"},
				"west": {"uv": [6, 14, 10, 15], "rotation": 90, "texture": "#texture"},
				"up": {"uv": [6, 14, 10, 15], "rotation": 180, "texture": "#texture"},
				"down": {"uv": [6, 14, 10, 15], "texture": "#texture"}
			}
		},
		{
			"from": [6, 0.5, 4],
			"to": [7, 2.5, 13],
			"rotation": {"angle": 0, "axis": "x", "origin": [8, -5, 8]},
			"faces": {
				"east": {"uv": [6, 3, 7, 12], "rotation": 270, "texture": "#texture"},
				"west": {"uv": [6, 3, 7, 12], "rotation": 90, "texture": "#texture"},
				"up": {"uv": [6, 3, 7, 12], "rotation": 180, "texture": "#texture"},
				"down": {"uv": [6, 3, 7, 12], "texture": "#texture"}
			}
		},
		{
			"from": [9, 0.5, 4],
			"to": [10, 2.5, 13],
			"rotation": {"angle": 0, "axis": "x", "origin": [8, -5, 8]},
			"faces": {
				"east": {"uv": [6, 3, 7, 12], "rotation": 270, "texture": "#texture"},
				"west": {"uv": [6, 3, 7, 12], "rotation": 90, "texture": "#texture"},
				"up": {"uv": [6, 3, 7, 12], "rotation": 180, "texture": "#texture"},
				"down": {"uv": [6, 3, 7, 12], "texture": "#texture"}
			}
		},
		{
			"from": [3, 0.5, 6],
			"to": [13, 2.5, 7],
			"rotation": {"angle": 0, "axis": "x", "origin": [8, -5, 8]},
			"faces": {
				"north": {"uv": [6, 3, 7, 12], "texture": "#texture"},
				"south": {"uv": [6, 3, 7, 12], "rotation": 180, "texture": "#texture"},
				"up": {"uv": [6, 3, 7, 12], "rotation": 180, "texture": "#texture"},
				"down": {"uv": [6, 3, 7, 12], "texture": "#texture"}
			}
		},
		{
			"from": [3, 0.5, 10],
			"to": [13, 2.5, 11],
			"rotation": {"angle": 0, "axis": "x", "origin": [8, -5, 8]},
			"faces": {
				"north": {"uv": [6, 3, 7, 12], "texture": "#texture"},
				"south": {"uv": [6, 3, 7, 12], "rotation": 180, "texture": "#texture"},
				"up": {"uv": [6, 3, 7, 12], "rotation": 180, "texture": "#texture"},
				"down": {"uv": [6, 3, 7, 12], "texture": "#texture"}
			}
		},
		{
			"from": [0, 0, 3],
			"to": [3, 3, 13],
			"rotation": {"angle": 0, "axis": "x", "origin": [8, -5, 8]},
			"faces": {
				"north": {"uv": [0, 0, 1, 1], "texture": "#texture"},
				"east": {"uv": [0, 0, 1, 1], "rotation": 270, "texture": "#texture"},
				"south": {"uv": [0, 0, 1, 1], "rotation": 180, "texture": "#texture"},
				"west": {"uv": [0, 0, 1, 1], "rotation": 90, "texture": "#texture"},
				"up": {"uv": [13, 3, 16, 14], "rotation": 180, "texture": "#texture"},
				"down": {"uv": [0, 3, 3, 14], "texture": "#texture"}
			}
		},
		{
			"from": [13, 0, 3],
			"to": [16, 3, 13],
			"rotation": {"angle": 0, "axis": "x", "origin": [8, -5, 8]},
			"faces": {
				"north": {"uv": [0, 0, 1, 1], "texture": "#texture"},
				"east": {"uv": [0, 0, 1, 1], "rotation": 270, "texture": "#texture"},
				"south": {"uv": [0, 0, 1, 1], "rotation": 180, "texture": "#texture"},
				"west": {"uv": [0, 0, 1, 1], "rotation": 90, "texture": "#texture"},
				"up": {"uv": [0, 3, 3, 14], "rotation": 180, "texture": "#texture"},
				"down": {"uv": [13, 3, 16, 13], "texture": "#texture"}
			}
		},
		{
			"from": [0, 0, 13],
			"to": [16, 3, 16],
			"rotation": {"angle": 0, "axis": "x", "origin": [8, -5, 8]},
			"faces": {
				"north": {"uv": [0, 0, 1, 1], "texture": "#texture"},
				"east": {"uv": [0, 0, 1, 1], "rotation": 270, "texture": "#texture"},
				"south": {"uv": [0, 0, 1, 1], "rotation": 180, "texture": "#texture"},
				"west": {"uv": [0, 0, 1, 1], "rotation": 90, "texture": "#texture"},
				"up": {"uv": [0, 0, 16, 3], "rotation": 180, "texture": "#texture"},
				"down": {"uv": [0, 0, 16, 3], "texture": "#texture"}
			}
		}
	],
	"display": {
		"thirdperson_righthand": {
			"rotation": [68, -45, 0],
			"translation": [0, 3.25, 1.75],
			"scale": [0.4, 0.4, 0.4]
		},
		"thirdperson_lefthand": {
			"rotation": [68, -45, 0],
			"translation": [0, 3.25, 1.75],
			"scale": [0.4, 0.4, 0.4]
		},
		"firstperson_righthand": {
			"rotation": [6, 36, 0],
			"translation": [1, 2.5, -1.5],
			"scale": [0.6, 0.6, 0.6]
		},
		"firstperson_lefthand": {
			"rotation": [6, 36, 0],
			"translation": [1, 2.5, -1.5],
			"scale": [0.6, 0.6, 0.6]
		},
		"ground": {
			"translation": [0, 2.5, 0],
			"scale": [0.25, 0.25, 0.25]
		},
		"gui": {
			"rotation": [28, 45, 0],
			"scale": [0.6, 0.6, 0.6]
		},
		"head": {
			"rotation": [90, 0, 0]
		},
		"fixed": {
			"scale": [0.5, 0.5, 0.5]
		}
	}
}