{
	"ambientocclusion": false,
	"textures": {
		"particle": "block/detector_rail_on",
		"front": "block/detector_rail_on"
	},
	"elements": [
		{
			"name": "Cube",
			"from": [2, 8.5, -4.6421],
			"to": [4, 9.5, 18.3995],
			"rotation": {"angle": 45, "axis": "x", "origin": [8, 8, 8]},
			"faces": {
				"north": {"uv": [2, 1, 4, 0], "rotation": 180, "texture": "#front"},
				"east": {"uv": [4, 0, 3, 16], "rotation": 90, "texture": "#front"},
				"south": {"uv": [2, 0, 4, 1], "texture": "#front"},
				"west": {"uv": [3, 16, 2, 0], "rotation": 90, "texture": "#front"},
				"up": {"uv": [2, 0, 4, 16], "texture": "#front"},
				"down": {"uv": [4, 16, 2, 0], "rotation": 180, "texture": "#front"}
			}
		},
		{
			"name": "Cube",
			"from": [12, 8.5, -4.64214],
			"to": [14, 9.5, 18.39949],
			"rotation": {"angle": 45, "axis": "x", "origin": [8, 8, 8]},
			"faces": {
				"north": {"uv": [2, 1, 4, 0], "texture": "#front"},
				"east": {"uv": [3, 0, 2, 16], "rotation": 90, "texture": "#front"},
				"south": {"uv": [2, 0, 4, 1], "rotation": 180, "texture": "#front"},
				"west": {"uv": [4, 16, 3, 0], "rotation": 90, "texture": "#front"},
				"up": {"uv": [2, 0, 4, 16], "rotation": 180, "texture": "#front"},
				"down": {"uv": [4, 16, 2, 0], "texture": "#front"}
			}
		},
		{
			"name": "Cube",
			"from": [1, 7.5, 10.6],
			"to": [15, 8.5, 12.6],
			"rotation": {"angle": 45, "axis": "x", "origin": [8, 8, 8]},
			"faces": {
				"north": {"uv": [2, 14, 1, 13], "rotation": 180, "texture": "#front"},
				"east": {"uv": [1, 13, 2, 15], "rotation": 90, "texture": "#front"},
				"south": {"uv": [1, 14, 2, 13], "rotation": 180, "texture": "#front"},
				"west": {"uv": [14, 15, 15, 13], "rotation": 90, "texture": "#front"},
				"up": {"uv": [1, 15, 2, 13], "rotation": 180, "texture": "#front"},
				"down": {"uv": [2, 15, 1, 13], "texture": "#front"}
			}
		},
		{
			"name": "Cube",
			"from": [1, 7.5, 15.2],
			"to": [15, 8.5, 17.2],
			"rotation": {"angle": 45, "axis": "x", "origin": [8, 8, 8]},
			"faces": {
				"north": {"uv": [2, 14, 1, 13], "rotation": 180, "texture": "#front"},
				"east": {"uv": [1, 13, 2, 15], "rotation": 90, "texture": "#front"},
				"south": {"uv": [1, 14, 2, 13], "rotation": 180, "texture": "#front"},
				"west": {"uv": [14, 15, 15, 13], "rotation": 90, "texture": "#front"},
				"up": {"uv": [1, 15, 2, 13], "rotation": 180, "texture": "#front"},
				"down": {"uv": [2, 15, 1, 13], "texture": "#front"}
			}
		},
		{
			"name": "Cube",
			"from": [1, 7.5, 6],
			"to": [15, 8.5, 8],
			"rotation": {"angle": 45, "axis": "x", "origin": [8, 8, 8]},
			"faces": {
				"north": {"uv": [2, 14, 1, 13], "rotation": 180, "texture": "#front"},
				"east": {"uv": [1, 13, 2, 15], "rotation": 90, "texture": "#front"},
				"south": {"uv": [1, 14, 2, 13], "rotation": 180, "texture": "#front"},
				"west": {"uv": [14, 15, 15, 13], "rotation": 90, "texture": "#front"},
				"up": {"uv": [1, 15, 2, 13], "rotation": 180, "texture": "#front"},
				"down": {"uv": [2, 15, 1, 13], "texture": "#front"}
			}
		},
		{
			"name": "Cube",
			"from": [1, 7.5, 1.6],
			"to": [15, 8.5, 3.6],
			"rotation": {"angle": 45, "axis": "x", "origin": [8, 8, 8]},
			"faces": {
				"north": {"uv": [2, 14, 1, 13], "rotation": 180, "texture": "#front"},
				"east": {"uv": [1, 13, 2, 15], "rotation": 90, "texture": "#front"},
				"south": {"uv": [1, 14, 2, 13], "rotation": 180, "texture": "#front"},
				"west": {"uv": [14, 15, 15, 13], "rotation": 90, "texture": "#front"},
				"up": {"uv": [1, 15, 2, 13], "rotation": 180, "texture": "#front"},
				"down": {"uv": [2, 15, 1, 13], "texture": "#front"}
			}
		},
		{
			"name": "Cube",
			"from": [1, 7.5, -3.2],
			"to": [15, 8.5, -1.2],
			"rotation": {"angle": 45, "axis": "x", "origin": [8, 8, 8]},
			"faces": {
				"north": {"uv": [2, 14, 1, 13], "rotation": 180, "texture": "#front"},
				"east": {"uv": [1, 13, 2, 15], "rotation": 90, "texture": "#front"},
				"south": {"uv": [1, 14, 2, 13], "rotation": 180, "texture": "#front"},
				"west": {"uv": [14, 15, 15, 13], "rotation": 90, "texture": "#front"},
				"up": {"uv": [1, 15, 2, 13], "rotation": 180, "texture": "#front"},
				"down": {"uv": [2, 15, 1, 13], "texture": "#front"}
			}
		},
		{
			"from": [5, 11.86827, -4.13173],
			"to": [11, 12.36827, 1.86827],
			"rotation": {"angle": 45, "axis": "x", "origin": [4, -0.13173, -0.13173]},
			"faces": {
				"north": {"uv": [5, 5, 11, 6], "texture": "#front"},
				"east": {"uv": [10, 5, 11, 11], "rotation": 90, "texture": "#front"},
				"south": {"uv": [5, 10, 11, 11], "texture": "#front"},
				"west": {"uv": [5, 5, 6, 11], "texture": "#front"},
				"up": {"uv": [5, 5, 11, 11], "texture": "#front"},
				"down": {"uv": [5, 5, 11, 11], "texture": "#front"}
			}
		},
		{
			"from": [6, 13.07538, -2.83883],
			"to": [10, 13.57538, 1.16117],
			"rotation": {"angle": 45, "axis": "x", "origin": [5, 0.57538, -0.83883]},
			"faces": {
				"north": {"uv": [10, 6, 6, 7], "texture": "#front"},
				"east": {"uv": [9, 6, 10, 10], "rotation": 90, "texture": "#front"},
				"south": {"uv": [6, 9, 10, 10], "texture": "#front"},
				"west": {"uv": [6, 6, 7, 10], "texture": "#front"},
				"up": {"uv": [6, 6, 10, 10], "texture": "#front"},
				"down": {"uv": [6, 6, 10, 10], "texture": "#front"}
			}
		}
	]
}
