{
	"textures": {
		"particle": "block/iron_door_top",
		"block": "block/iron_door_top"
	},
	"elements": [
		{
			"from": [0, 0, 0],
			"to": [3, 5, 16],
			"faces": {
				"north": {"uv": [15, 11, 16, 16], "texture": "#block"},
				"east": {"uv": [0, 11, 16, 16], "texture": "#block"},
				"south": {"uv": [0, 11, 1, 16], "texture": "#block"},
				"west": {"uv": [0, 16, 16, 11], "rotation": 180, "texture": "#block"},
				"up": {"uv": [3, 11, 13, 12], "rotation": 180, "texture": "#block"}
			}
		},
		{
			"from": [0, 5, 13],
			"to": [3, 16, 16],
			"faces": {
				"north": {"uv": [13, 3, 14, 11], "texture": "#block"},
				"east": {"uv": [0, 0, 3, 11], "texture": "#block"},
				"south": {"uv": [0, 0, 1, 11], "texture": "#block"},
				"west": {"uv": [3, 0, 0, 11], "texture": "#block"},
				"up": {"uv": [0, 0, 3, 1], "rotation": 180, "texture": "#block"},
				"down": {"uv": [0, 0, 3, 3], "rotation": 180, "texture": "#missing"}
			}
		},
		{
			"from": [0, 5, 0],
			"to": [3, 16, 3],
			"faces": {
				"north": {"uv": [15, 0, 16, 11], "texture": "#block"},
				"east": {"uv": [13, 0, 16, 11], "texture": "#block"},
				"south": {"uv": [13, 3, 14, 11], "texture": "#block"},
				"west": {"uv": [16, 0, 13, 11], "texture": "#block"},
				"up": {"uv": [13, 0, 16, 1], "rotation": 180, "texture": "#block"},
				"down": {"uv": [0, 0, 3, 3], "rotation": 180, "texture": "#missing"}
			}
		},
		{
			"from": [0, 13, 3],
			"to": [3, 16, 13],
			"faces": {
				"north": {"uv": [0, 0, 3, 3], "texture": "#missing"},
				"east": {"uv": [3, 0, 13, 3], "texture": "#block"},
				"south": {"uv": [0, 0, 3, 3], "texture": "#missing"},
				"west": {"uv": [3, 0, 13, 3], "texture": "#block"},
				"up": {"uv": [9, 0, 13, 1], "rotation": 180, "texture": "#block"},
				"down": {"uv": [9, 0, 13, 1], "rotation": 180, "texture": "#block"}
			}
		},
		{
			"from": [0, 11, 7],
			"to": [3, 13, 9],
			"faces": {
				"north": {"uv": [7, 3, 9, 5], "texture": "#block"},
				"east": {"uv": [7, 3, 9, 5], "texture": "#block"},
				"south": {"uv": [7, 3, 9, 5], "texture": "#block"},
				"west": {"uv": [7, 3, 9, 5], "texture": "#block"},
				"up": {"uv": [0, 0, 3, 2], "rotation": 180, "texture": "#missing"},
				"down": {"uv": [0, 0, 3, 2], "rotation": 180, "texture": "#missing"}
			}
		},
		{
			"from": [0, 5, 7],
			"to": [3, 7, 9],
			"faces": {
				"north": {"uv": [7, 9, 9, 11], "texture": "#block"},
				"east": {"uv": [7, 9, 9, 11], "texture": "#block"},
				"south": {"uv": [7, 9, 9, 11], "texture": "#block"},
				"west": {"uv": [7, 9, 9, 11], "texture": "#block"},
				"up": {"uv": [0, 0, 3, 2], "rotation": 180, "texture": "#missing"},
				"down": {"uv": [0, 0, 3, 2], "rotation": 180, "texture": "#missing"}
			}
		},
		{
			"from": [0, 8, 10],
			"to": [3, 10, 13],
			"faces": {
				"north": {"uv": [0, 0, 3, 2], "texture": "#missing"},
				"east": {"uv": [3, 6, 6, 8], "texture": "#block"},
				"south": {"uv": [0, 0, 3, 2], "texture": "#missing"},
				"west": {"uv": [3, 6, 6, 8], "texture": "#block"},
				"up": {"uv": [3, 6, 6, 8], "rotation": 180, "texture": "#block"},
				"down": {"uv": [3, 6, 6, 8], "rotation": 180, "texture": "#block"}
			}
		},
		{
			"from": [0, 8, 3],
			"to": [3, 10, 6],
			"faces": {
				"north": {"uv": [0, 0, 3, 2], "texture": "#missing"},
				"east": {"uv": [10, 6, 13, 8], "texture": "#block"},
				"south": {"uv": [0, 0, 3, 2], "texture": "#missing"},
				"west": {"uv": [10, 6, 13, 8], "texture": "#block"},
				"up": {"uv": [10, 6, 13, 8], "rotation": 180, "texture": "#block"},
				"down": {"uv": [10, 6, 13, 8], "rotation": 180, "texture": "#block"}
			}
		},
		{
			"from": [0, 7, 6],
			"to": [3, 11, 10],
			"faces": {
				"north": {"uv": [6, 5, 10, 9], "texture": "#block"},
				"east": {"uv": [6, 5, 10, 9], "texture": "#block"},
				"south": {"uv": [6, 5, 10, 9], "texture": "#block"},
				"west": {"uv": [6, 5, 10, 9], "texture": "#block"},
				"up": {"uv": [6, 5, 10, 9], "rotation": 180, "texture": "#block"},
				"down": {"uv": [6, 5, 10, 9], "rotation": 180, "texture": "#block"}
			}
		}
	]
}
