{   
    "ambientocclusion": false,
	"textures": {
		"texture": "block/jungle_trapdoor",
		"particle": "block/jungle_trapdoor"
	},
	"elements": [
		{
			"from": [0, 13, 0],
			"to": [16, 16, 4],
			"faces": {
				"north": {"uv": [1, 1, 2, 2], "texture": "#texture"},
				"east": {"uv": [1, 1, 2, 2], "rotation": 270, "texture": "#texture"},
				"south": {"uv": [0, 2, 16, 3], "rotation": 180, "texture": "#texture"},
				"west": {"uv": [1, 1, 2, 2], "rotation": 90, "texture": "#texture"},
				"up": {"uv": [0, 12, 16, 16], "rotation": 180, "texture": "#texture"},
				"down": {"uv": [0, 12, 16, 16], "texture": "#texture"}
			}
		},
		{
			"from": [0, 13, 13],
			"to": [16, 16, 16],
			"faces": {
				"north": {"uv": [0, 12, 16, 13], "texture": "#texture"},
				"east": {"uv": [1, 1, 2, 2], "rotation": 270, "texture": "#texture"},
				"south": {"uv": [1, 1, 2, 2], "rotation": 180, "texture": "#texture"},
				"west": {"uv": [1, 1, 2, 2], "rotation": 90, "texture": "#texture"},
				"up": {"uv": [0, 0, 16, 3], "rotation": 180, "texture": "#texture"},
				"down": {"uv": [0, 0, 16, 3], "texture": "#texture"}
			}
		},
		{
			"from": [5, 12.5, 1],
			"to": [11, 16.5, 2],
			"faces": {
				"north": {"uv": [11, 14, 5, 15], "texture": "#texture"},
				"east": {"uv": [5, 14, 6, 15], "rotation": 270, "texture": "#texture"},
				"south": {"uv": [11, 14, 5, 15], "rotation": 180, "texture": "#texture"},
				"west": {"uv": [5, 14, 6, 15], "rotation": 90, "texture": "#texture"},
				"up": {"uv": [11, 14, 5, 15], "rotation": 180, "texture": "#texture"},
				"down": {"uv": [5, 14, 11, 15], "texture": "#texture"}
			}
		},
		{
			"from": [4, 13.5, 7],
			"to": [12, 15.5, 9],
			"faces": {
				"north": {"uv": [4, 8, 12, 9], "texture": "#texture"},
				"south": {"uv": [4, 7, 12, 8], "rotation": 180, "texture": "#texture"},
				"up": {"uv": [4, 7, 12, 9], "rotation": 180, "texture": "#texture"},
				"down": {"uv": [4, 7, 12, 9], "texture": "#texture"}
			}
		},
		{
			"from": [0, 13, 4],
			"to": [4, 16, 13],
			"faces": {
				"north": {"uv": [0, 0, 1, 1], "texture": "#texture"},
				"east": {"uv": [3, 3, 4, 12], "rotation": 270, "texture": "#texture"},
				"south": {"uv": [0, 0, 1, 1], "rotation": 180, "texture": "#texture"},
				"west": {"uv": [1, 1, 2, 2], "rotation": 90, "texture": "#texture"},
				"up": {"uv": [12, 3, 16, 12], "rotation": 180, "texture": "#texture"},
				"down": {"uv": [0, 3, 4, 12], "texture": "#texture"}
			}
		},
		{
			"from": [12, 13, 4],
			"to": [16, 16, 13],
			"faces": {
				"north": {"uv": [0, 0, 1, 1], "texture": "#texture"},
				"east": {"uv": [1, 1, 2, 2], "rotation": 270, "texture": "#texture"},
				"south": {"uv": [0, 0, 1, 1], "rotation": 180, "texture": "#texture"},
				"west": {"uv": [12, 3, 13, 12], "rotation": 90, "texture": "#texture"},
				"up": {"uv": [0, 3, 4, 12], "rotation": 180, "texture": "#texture"},
				"down": {"uv": [12, 3, 16, 12], "texture": "#texture"}
			}
		},
		{
			"from": [6, 13.5, 4],
			"to": [7, 15.5, 13],
			"faces": {
				"east": {"uv": [6, 1, 7, 12], "rotation": 270, "texture": "#texture"},
				"west": {"uv": [6, 1, 7, 12], "rotation": 90, "texture": "#texture"},
				"up": {"uv": [6, 1, 7, 12], "rotation": 180, "texture": "#texture"},
				"down": {"uv": [6, 1, 7, 12], "texture": "#texture"}
			}
		},
		{
			"from": [9, 13.5, 4],
			"to": [10, 15.5, 13],
			"faces": {
				"east": {"uv": [9, 1, 10, 12], "rotation": 270, "texture": "#texture"},
				"west": {"uv": [9, 1, 10, 12], "rotation": 90, "texture": "#texture"},
				"up": {"uv": [9, 1, 10, 12], "rotation": 180, "texture": "#texture"},
				"down": {"uv": [9, 1, 10, 12], "texture": "#texture"}
			}
		},
		{
			"from": [11, 13, 11],
			"to": [12, 16, 12],
			"faces": {
				"north": {"uv": [0, 0, 1, 1], "texture": "#texture"},
				"east": {"uv": [0, 0, 1, 1], "rotation": 270, "texture": "#texture"},
				"south": {"uv": [0, 0, 1, 1], "rotation": 180, "texture": "#texture"},
				"west": {"uv": [0, 0, 1, 1], "rotation": 90, "texture": "#texture"},
				"up": {"uv": [0, 0, 1, 1], "rotation": 180, "texture": "#texture"},
				"down": {"uv": [0, 0, 1, 1], "texture": "#texture"}
			}
		},
		{
			"from": [11, 13, 12],
			"to": [12, 16, 13],
			"faces": {
				"north": {"uv": [4, 3, 5, 4], "texture": "#texture"},
				"east": {"uv": [4, 3, 5, 4], "rotation": 270, "texture": "#texture"},
				"south": {"uv": [0, 0, 1, 1], "rotation": 180, "texture": "#texture"},
				"west": {"uv": [4, 3, 5, 4], "rotation": 90, "texture": "#texture"},
				"up": {"uv": [4, 3, 5, 4], "rotation": 180, "texture": "#texture"},
				"down": {"uv": [4, 3, 5, 4], "texture": "#texture"}
			}
		},
		{
			"from": [10, 13, 12],
			"to": [11, 16, 13],
			"faces": {
				"north": {"uv": [0, 0, 1, 1], "texture": "#texture"},
				"east": {"uv": [0, 0, 1, 1], "rotation": 270, "texture": "#texture"},
				"south": {"uv": [0, 0, 1, 1], "rotation": 180, "texture": "#texture"},
				"west": {"uv": [0, 0, 1, 1], "rotation": 90, "texture": "#texture"},
				"up": {"uv": [0, 0, 1, 1], "rotation": 180, "texture": "#texture"},
				"down": {"uv": [0, 0, 1, 1], "texture": "#texture"}
			}
		},
		{
			"from": [4, 13, 11],
			"to": [5, 16, 12],
			"faces": {
				"north": {"uv": [0, 0, 1, 1], "texture": "#texture"},
				"east": {"uv": [0, 0, 1, 1], "rotation": 270, "texture": "#texture"},
				"south": {"uv": [0, 0, 1, 1], "rotation": 180, "texture": "#texture"},
				"west": {"uv": [0, 0, 1, 1], "rotation": 90, "texture": "#texture"},
				"up": {"uv": [0, 0, 1, 1], "rotation": 180, "texture": "#texture"},
				"down": {"uv": [0, 0, 1, 1], "texture": "#texture"}
			}
		},
		{
			"from": [4, 13, 12],
			"to": [5, 16, 13],
			"faces": {
				"north": {"uv": [4, 3, 5, 4], "texture": "#texture"},
				"east": {"uv": [4, 3, 5, 4], "rotation": 270, "texture": "#texture"},
				"south": {"uv": [0, 0, 1, 1], "rotation": 180, "texture": "#texture"},
				"west": {"uv": [4, 3, 5, 4], "rotation": 90, "texture": "#texture"},
				"up": {"uv": [4, 3, 5, 4], "rotation": 180, "texture": "#texture"},
				"down": {"uv": [4, 3, 5, 4], "texture": "#texture"}
			}
		},
		{
			"from": [5, 13, 12],
			"to": [6, 16, 13],
			"faces": {
				"north": {"uv": [0, 0, 1, 1], "texture": "#texture"},
				"east": {"uv": [0, 0, 1, 1], "rotation": 270, "texture": "#texture"},
				"south": {"uv": [0, 0, 1, 1], "rotation": 180, "texture": "#texture"},
				"west": {"uv": [0, 0, 1, 1], "rotation": 90, "texture": "#texture"},
				"up": {"uv": [0, 0, 1, 1], "rotation": 180, "texture": "#texture"},
				"down": {"uv": [0, 0, 1, 1], "texture": "#texture"}
			}
		},
		{
			"from": [4, 12.75, 14.75],
			"to": [6, 16.25, 16.25],
			"faces": {
				"north": {"uv": [7, 14, 8, 15], "rotation": 180, "texture": "#texture"},
				"east": {"uv": [7, 14, 8, 15], "rotation": 90, "texture": "#texture"},
				"south": {"uv": [5, 14, 7, 15], "texture": "#texture"},
				"west": {"uv": [7, 14, 8, 15], "rotation": 270, "texture": "#texture"},
				"up": {"uv": [5, 14, 7, 15], "texture": "#texture"},
				"down": {"uv": [9, 14, 11, 15], "rotation": 180, "texture": "#texture"}
			}
		},
		{
			"from": [10, 12.75, 14.75],
			"to": [12, 16.25, 16.25],
			"faces": {
				"north": {"uv": [7, 14, 8, 15], "rotation": 180, "texture": "#texture"},
				"east": {"uv": [7, 14, 8, 15], "rotation": 90, "texture": "#texture"},
				"south": {"uv": [9, 14, 11, 15], "texture": "#texture"},
				"west": {"uv": [7, 14, 8, 15], "rotation": 270, "texture": "#texture"},
				"up": {"uv": [9, 14, 11, 15], "texture": "#texture"},
				"down": {"uv": [5, 14, 7, 15], "rotation": 180, "texture": "#texture"}
			}
		}
	]
}
