{
	"ambientocclusion": false,
	"textures": {
		"particle": "block/oak_door_bottom",
		"block": "block/oak_door_bottom",
		"detail": "block/oak_door_top"
	},
	"elements": [
		{
			"name": "The inner block",
			"from": [0.75, 0, 0],
			"to": [2.25, 16, 15],
			"faces": {
				"north": {"uv": [15, 0, 16, 16], "texture": "#block"},
				"east": {"uv": [1, 0, 16, 16], "texture": "#block"},
				"west": {"uv": [16, 0, 1, 16], "texture": "#block"},
				"down": {"uv": [1, 15, 16, 16], "rotation": 90, "texture": "#block"}
			}
		},
		{
			"name": "Top hinge",
			"from": [-0.25, 15, 15],
			"to": [3.25, 16, 16.25],
			"faces": {
				"north": {"uv": [0, 4, 1, 6], "texture": "#detail"},
				"east": {"uv": [0, 4, 1, 6], "texture": "#detail"},
				"south": {"uv": [0, 4, 1, 6], "texture": "#detail"},
				"west": {"uv": [0, 4, 1, 6], "texture": "#detail"},
				"down": {"uv": [0, 4, 1, 6], "rotation": 180, "texture": "#detail"}
			}
		},
		{
			"name": "Bottom hinge",
			"from": [-0.25, 4, 15],
			"to": [3.25, 6, 16.25],
			"faces": {
				"north": {"uv": [0, 4, 1, 6], "texture": "#detail"},
				"east": {"uv": [0, 4, 1, 6], "texture": "#detail"},
				"south": {"uv": [0, 4, 1, 6], "texture": "#detail"},
				"west": {"uv": [0, 4, 1, 6], "texture": "#detail"},
				"up": {"uv": [0, 4, 1, 6], "rotation": 180, "texture": "#detail"},
				"down": {"uv": [0, 4, 1, 6], "rotation": 180, "texture": "#detail"}
			}
		},
		{
			"name": "Hinge side",
			"from": [0, 0, 14],
			"to": [3, 16, 16],
			"faces": {
				"north": {"uv": [1, 0, 2, 16], "texture": "#block"},
				"east": {"uv": [0, 0, 2, 16], "texture": "#block"},
				"south": {"uv": [0, 0, 1, 16], "texture": "#block"},
				"west": {"uv": [2, 0, 0, 16], "texture": "#block"},
				"down": {"uv": [0, 15, 3, 16], "rotation": 90, "texture": "#block"}
			}
		},
		{
			"name": "Right",
			"from": [0, 0, 0.98],
			"to": [3, 16, 2],
			"faces": {
				"north": {"uv": [14, 0, 15, 16], "texture": "#block"},
				"east": {"uv": [14, 0, 15, 16], "texture": "#block"},
				"south": {"uv": [14, 0, 15, 16], "texture": "#block"},
				"west": {"uv": [15, 0, 14, 16], "texture": "#block"},
				"down": {"uv": [13, 15, 15, 16], "rotation": 90, "texture": "#block"}
			}
		},
		{
			"name": "Middle top",
			"from": [0, 14, 2],
			"to": [3, 16, 14],
			"faces": {
				"east": {"uv": [2, 1, 14, 2], "texture": "#block"},
				"west": {"uv": [14, 1, 2, 2], "texture": "#block"},
				"down": {"uv": [3, 1, 13, 2], "rotation": 90, "texture": "#block"}
			}
		},
		{
			"name": "Middle bottom",
			"from": [0, 0, 2],
			"to": [3, 1, 14],
			"faces": {
				"east": {"uv": [2, 15, 14, 16], "texture": "#block"},
				"west": {"uv": [15, 15, 2, 16], "texture": "#block"},
				"up": {"uv": [3, 15, 13, 16], "rotation": 270, "texture": "#block"},
				"down": {"uv": [3, 15, 13, 16], "rotation": 90, "texture": "#block"}
			}
		},
		{
			"from": [0, 2, 12],
			"to": [3, 3, 13],
			"faces": {
				"north": {"uv": [12, 13, 13, 14], "texture": "#block"},
				"east": {"uv": [12, 13, 13, 14], "texture": "#block"},
				"south": {"uv": [12, 13, 13, 14], "texture": "#block"},
				"west": {"uv": [12, 13, 13, 14], "texture": "#block"},
				"up": {"uv": [12, 13, 13, 14], "rotation": 180, "texture": "#block"},
				"down": {"uv": [12, 13, 13, 14], "rotation": 180, "texture": "#block"}
			}
		},
		{
			"from": [0, 2, 3],
			"to": [3, 3, 4],
			"faces": {
				"north": {"uv": [12, 13, 13, 14], "texture": "#block"},
				"east": {"uv": [12, 13, 13, 14], "texture": "#block"},
				"south": {"uv": [12, 13, 13, 14], "texture": "#block"},
				"west": {"uv": [12, 13, 13, 14], "texture": "#block"},
				"up": {"uv": [12, 13, 13, 14], "rotation": 180, "texture": "#block"},
				"down": {"uv": [12, 13, 13, 14], "rotation": 180, "texture": "#block"}
			}
		},
		{
			"from": [0, 12, 12],
			"to": [3, 13, 13],
			"faces": {
				"north": {"uv": [12, 13, 13, 14], "texture": "#block"},
				"east": {"uv": [12, 13, 13, 14], "texture": "#block"},
				"south": {"uv": [12, 13, 13, 14], "texture": "#block"},
				"west": {"uv": [12, 13, 13, 14], "texture": "#block"},
				"up": {"uv": [12, 13, 13, 14], "rotation": 180, "texture": "#block"},
				"down": {"uv": [12, 13, 13, 14], "rotation": 180, "texture": "#block"}
			}
		},
		{
			"from": [0, 10, 12],
			"to": [3, 11, 14],
			"faces": {
				"north": {"uv": [12, 13, 13, 14], "texture": "#block"},
				"east": {"uv": [12, 13, 13, 14], "texture": "#block"},
				"south": {"uv": [12, 13, 13, 14], "texture": "#block"},
				"west": {"uv": [12, 13, 13, 14], "texture": "#block"},
				"up": {"uv": [12, 13, 13, 14], "rotation": 180, "texture": "#block"},
				"down": {"uv": [12, 13, 13, 14], "rotation": 180, "texture": "#block"}
			}
		},
		{
			"from": [0, 4, 12],
			"to": [3, 5, 14],
			"faces": {
				"north": {"uv": [12, 13, 13, 14], "texture": "#block"},
				"east": {"uv": [12, 13, 13, 14], "texture": "#block"},
				"south": {"uv": [12, 13, 13, 14], "texture": "#block"},
				"west": {"uv": [12, 13, 13, 14], "texture": "#block"},
				"up": {"uv": [12, 13, 13, 14], "rotation": 180, "texture": "#block"},
				"down": {"uv": [12, 13, 13, 14], "rotation": 180, "texture": "#block"}
			}
		},
		{
			"from": [0, 4, 2],
			"to": [3, 5, 4],
			"faces": {
				"north": {"uv": [12, 13, 13, 14], "texture": "#block"},
				"east": {"uv": [12, 13, 13, 14], "texture": "#block"},
				"south": {"uv": [12, 13, 13, 14], "texture": "#block"},
				"west": {"uv": [12, 13, 13, 14], "texture": "#block"},
				"up": {"uv": [12, 13, 13, 14], "rotation": 180, "texture": "#block"},
				"down": {"uv": [12, 13, 13, 14], "rotation": 180, "texture": "#block"}
			}
		},
		{
			"from": [0, 10, 2],
			"to": [3, 11, 4],
			"faces": {
				"north": {"uv": [12, 13, 13, 14], "texture": "#block"},
				"east": {"uv": [12, 13, 13, 14], "texture": "#block"},
				"south": {"uv": [12, 13, 13, 14], "texture": "#block"},
				"west": {"uv": [12, 13, 13, 14], "texture": "#block"},
				"up": {"uv": [12, 13, 13, 14], "rotation": 180, "texture": "#block"},
				"down": {"uv": [12, 13, 13, 14], "rotation": 180, "texture": "#block"}
			}
		},
		{
			"from": [0, 7, 7],
			"to": [3, 8, 9],
			"faces": {
				"north": {"uv": [12, 13, 13, 14], "texture": "#block"},
				"east": {"uv": [12, 13, 13, 14], "texture": "#block"},
				"south": {"uv": [12, 13, 13, 14], "texture": "#block"},
				"west": {"uv": [12, 13, 13, 14], "texture": "#block"},
				"up": {"uv": [12, 13, 13, 14], "rotation": 180, "texture": "#block"},
				"down": {"uv": [12, 13, 13, 14], "rotation": 180, "texture": "#block"}
			}
		},
		{
			"from": [0, 12, 3],
			"to": [3, 13, 4],
			"faces": {
				"north": {"uv": [12, 13, 13, 14], "texture": "#block"},
				"east": {"uv": [12, 13, 13, 14], "texture": "#block"},
				"south": {"uv": [12, 13, 13, 14], "texture": "#block"},
				"west": {"uv": [12, 13, 13, 14], "texture": "#block"},
				"up": {"uv": [12, 13, 13, 14], "rotation": 180, "texture": "#block"},
				"down": {"uv": [12, 13, 13, 14], "rotation": 180, "texture": "#block"}
			}
		},
		{
			"from": [0, 2, 4],
			"to": [3, 6, 5],
			"faces": {
				"north": {"uv": [12, 13, 13, 14], "texture": "#block"},
				"east": {"uv": [12, 13, 13, 14], "texture": "#block"},
				"south": {"uv": [12, 13, 13, 14], "texture": "#block"},
				"west": {"uv": [12, 13, 13, 14], "texture": "#block"},
				"up": {"uv": [12, 13, 13, 14], "rotation": 180, "texture": "#block"},
				"down": {"uv": [12, 13, 13, 14], "rotation": 180, "texture": "#block"}
			}
		},
		{
			"from": [0, 2, 11],
			"to": [3, 6, 12],
			"faces": {
				"north": {"uv": [12, 13, 13, 14], "texture": "#block"},
				"east": {"uv": [12, 13, 13, 14], "texture": "#block"},
				"south": {"uv": [12, 13, 13, 14], "texture": "#block"},
				"west": {"uv": [12, 13, 13, 14], "texture": "#block"},
				"up": {"uv": [12, 13, 13, 14], "rotation": 180, "texture": "#block"},
				"down": {"uv": [12, 13, 13, 14], "rotation": 180, "texture": "#block"}
			}
		},
		{
			"from": [0, 9, 11],
			"to": [3, 13, 12],
			"faces": {
				"north": {"uv": [12, 13, 13, 14], "texture": "#block"},
				"east": {"uv": [12, 13, 13, 14], "texture": "#block"},
				"south": {"uv": [12, 13, 13, 14], "texture": "#block"},
				"west": {"uv": [12, 13, 13, 14], "texture": "#block"},
				"up": {"uv": [12, 13, 13, 14], "rotation": 180, "texture": "#block"},
				"down": {"uv": [12, 13, 13, 14], "rotation": 180, "texture": "#block"}
			}
		},
		{
			"from": [0, 9, 4],
			"to": [3, 13, 5],
			"faces": {
				"north": {"uv": [12, 13, 13, 14], "texture": "#block"},
				"east": {"uv": [12, 13, 13, 14], "texture": "#block"},
				"south": {"uv": [12, 13, 13, 14], "texture": "#block"},
				"west": {"uv": [12, 13, 13, 14], "texture": "#block"},
				"up": {"uv": [12, 13, 13, 14], "rotation": 180, "texture": "#block"},
				"down": {"uv": [12, 13, 13, 14], "rotation": 180, "texture": "#block"}
			}
		},
		{
			"from": [0, 6, 6],
			"to": [3, 9, 7],
			"faces": {
				"north": {"uv": [12, 13, 13, 14], "texture": "#block"},
				"east": {"uv": [12, 13, 13, 14], "texture": "#block"},
				"south": {"uv": [12, 13, 13, 14], "texture": "#block"},
				"west": {"uv": [12, 13, 13, 14], "texture": "#block"},
				"up": {"uv": [12, 13, 13, 14], "rotation": 180, "texture": "#block"},
				"down": {"uv": [12, 13, 13, 14], "rotation": 180, "texture": "#block"}
			}
		},
		{
			"from": [0, 6, 9],
			"to": [3, 9, 10],
			"faces": {
				"north": {"uv": [12, 13, 13, 14], "texture": "#block"},
				"east": {"uv": [12, 13, 13, 14], "texture": "#block"},
				"south": {"uv": [12, 13, 13, 14], "texture": "#block"},
				"west": {"uv": [12, 13, 13, 14], "texture": "#block"},
				"up": {"uv": [12, 13, 13, 14], "rotation": 180, "texture": "#block"},
				"down": {"uv": [12, 13, 13, 14], "rotation": 180, "texture": "#block"}
			}
		},
		{
			"from": [0, 8, 10],
			"to": [3, 10, 11],
			"faces": {
				"north": {"uv": [12, 13, 13, 14], "texture": "#block"},
				"east": {"uv": [12, 13, 13, 14], "texture": "#block"},
				"south": {"uv": [12, 13, 13, 14], "texture": "#block"},
				"west": {"uv": [12, 13, 13, 14], "texture": "#block"},
				"up": {"uv": [12, 13, 13, 14], "rotation": 180, "texture": "#block"},
				"down": {"uv": [12, 13, 13, 14], "rotation": 180, "texture": "#block"}
			}
		},
		{
			"from": [0, 5, 10],
			"to": [3, 7, 11],
			"faces": {
				"north": {"uv": [12, 13, 13, 14], "texture": "#block"},
				"east": {"uv": [12, 13, 13, 14], "texture": "#block"},
				"south": {"uv": [12, 13, 13, 14], "texture": "#block"},
				"west": {"uv": [12, 13, 13, 14], "texture": "#block"},
				"up": {"uv": [12, 13, 13, 14], "rotation": 180, "texture": "#block"},
				"down": {"uv": [12, 13, 13, 14], "rotation": 180, "texture": "#block"}
			}
		},
		{
			"from": [0, 5, 5],
			"to": [3, 7, 6],
			"faces": {
				"north": {"uv": [12, 13, 13, 14], "texture": "#block"},
				"east": {"uv": [12, 13, 13, 14], "texture": "#block"},
				"south": {"uv": [12, 13, 13, 14], "texture": "#block"},
				"west": {"uv": [12, 13, 13, 14], "texture": "#block"},
				"up": {"uv": [12, 13, 13, 14], "rotation": 180, "texture": "#block"},
				"down": {"uv": [12, 13, 13, 14], "rotation": 180, "texture": "#block"}
			}
		},
		{
			"from": [0, 8, 5],
			"to": [3, 10, 6],
			"faces": {
				"north": {"uv": [12, 13, 13, 14], "texture": "#block"},
				"east": {"uv": [12, 13, 13, 14], "texture": "#block"},
				"south": {"uv": [12, 13, 13, 14], "texture": "#block"},
				"west": {"uv": [12, 13, 13, 14], "texture": "#block"},
				"up": {"uv": [12, 13, 13, 14], "rotation": 180, "texture": "#block"},
				"down": {"uv": [12, 13, 13, 14], "rotation": 180, "texture": "#block"}
			}
		}
	]
}