{
	"ambientocclusion": false,
	"textures": {
		"particle": "block/oak_trapdoor",
		"block": "block/oak_trapdoor"
	},
	"elements": [
		{
			"from": [0, 1, 13],
			"to": [1, 15, 16],
			"faces": {
				"north": {"uv": [0, 0, 1, 14], "rotation": 180, "texture": "#block"},
				"east": {"uv": [0, 0, 14, 1], "rotation": 270, "texture": "#block"},
				"south": {"uv": [0, 0, 1, 14], "texture": "#block"},
				"west": {"uv": [0, 0, 14, 1], "rotation": 90, "texture": "#block"},
				"up": {"uv": [0, 0, 1, 3], "rotation": 180, "texture": "#missing"},
				"down": {"uv": [0, 0, 1, 3], "texture": "#missing"}
			}
		},
		{
			"from": [0, 15, 13],
			"to": [16, 16, 16],
			"faces": {
				"north": {"uv": [0, 0, 16, 1], "rotation": 180, "texture": "#block"},
				"east": {"uv": [0, 0, 1, 3], "rotation": 270, "texture": "#block"},
				"south": {"uv": [0, 0, 16, 1], "texture": "#block"},
				"west": {"uv": [0, 0, 1, 3], "rotation": 90, "texture": "#block"},
				"up": {"uv": [0, 0, 16, 1], "rotation": 180, "texture": "#block"},
				"down": {"uv": [0, 0, 14, 1], "texture": "#block"}
			}
		},
		{
			"from": [15, 1, 13],
			"to": [16, 15, 16],
			"faces": {
				"north": {"uv": [0, 0, 1, 14], "rotation": 180, "texture": "#block"},
				"east": {"uv": [0, 0, 16, 1], "rotation": 270, "texture": "#block"},
				"south": {"uv": [0, 0, 1, 14], "texture": "#block"},
				"west": {"uv": [0, 0, 14, 1], "rotation": 90, "texture": "#block"},
				"up": {"uv": [0, 0, 1, 3], "rotation": 180, "texture": "#missing"},
				"down": {"uv": [0, 0, 1, 3], "texture": "#missing"}
			}
		},
		{
			"from": [0, 0, 13],
			"to": [16, 1, 16],
			"faces": {
				"north": {"uv": [0, 0, 16, 1], "rotation": 180, "texture": "#block"},
				"east": {"uv": [0, 0, 16, 1], "rotation": 270, "texture": "#block"},
				"south": {"uv": [0, 0, 16, 1], "texture": "#block"},
				"west": {"uv": [0, 0, 16, 1], "rotation": 90, "texture": "#block"},
				"up": {"uv": [0, 0, 16, 1], "rotation": 180, "texture": "#block"},
				"down": {"uv": [0, 0, 16, 1], "texture": "#block"}
			}
		},
		{
			"from": [1, 2, 13],
			"to": [2, 14, 16],
			"faces": {
				"north": {"uv": [1, 2, 2, 14], "rotation": 180, "texture": "#block"},
				"east": {"uv": [1, 2, 13, 4.5], "rotation": 270, "texture": "#block"},
				"south": {"uv": [1, 2, 2, 14], "texture": "#block"},
				"west": {"uv": [0, 0, 12, 2.5], "rotation": 90, "texture": "#missing"},
				"up": {"uv": [0, 0, 1, 2.5], "rotation": 180, "texture": "#missing"},
				"down": {"uv": [0, 0, 1, 2.5], "texture": "#missing"}
			}
		},
		{
			"from": [1, 14, 13],
			"to": [15, 15, 16],
			"faces": {
				"north": {"uv": [1, 1, 15, 2], "rotation": 180, "texture": "#block"},
				"east": {"uv": [0, 0, 1, 2.5], "rotation": 270, "texture": "#missing"},
				"south": {"uv": [1, 1, 15, 2], "texture": "#block"},
				"west": {"uv": [0, 0, 1, 2.5], "rotation": 90, "texture": "#missing"},
				"up": {"uv": [0, 0, 14, 2.5], "rotation": 180, "texture": "#missing"},
				"down": {"uv": [1, 2, 15, 4.5], "texture": "#block"}
			}
		},
		{
			"from": [14, 2, 13],
			"to": [15, 14, 16],
			"faces": {
				"north": {"uv": [1, 2, 2, 14], "rotation": 180, "texture": "#block"},
				"east": {"uv": [0, 0, 12, 2.5], "rotation": 270, "texture": "#missing"},
				"south": {"uv": [1, 2, 2, 14], "texture": "#block"},
				"west": {"uv": [1, 2, 2, 14], "rotation": 90, "texture": "#block"},
				"up": {"uv": [0, 0, 1, 2.5], "rotation": 180, "texture": "#missing"},
				"down": {"uv": [0, 0, 1, 2.5], "texture": "#missing"}
			}
		},
		{
			"from": [1, 1, 13],
			"to": [15, 2, 16],
			"faces": {
				"north": {"uv": [1, 1, 15, 2], "rotation": 180, "texture": "#block"},
				"east": {"uv": [0, 0, 1, 2.5], "rotation": 270, "texture": "#missing"},
				"south": {"uv": [1, 1, 15, 2], "texture": "#block"},
				"west": {"uv": [0, 0, 1, 2.5], "rotation": 90, "texture": "#missing"},
				"up": {"uv": [1, 2, 15, 4.5], "rotation": 180, "texture": "#block"},
				"down": {"uv": [0, 0, 14, 2.5], "texture": "#missing"}
			}
		},
		{
			"from": [7, 10, 13],
			"to": [9, 11, 16],
			"faces": {
				"north": {"uv": [0, 4, 1, 5.5], "rotation": 180, "texture": "#block"},
				"east": {"uv": [0, 0, 1, 1.5], "rotation": 270, "texture": "#missing"},
				"south": {"uv": [7, 5, 9, 6], "texture": "#block"},
				"west": {"uv": [0, 0, 1, 1.5], "rotation": 90, "texture": "#missing"},
				"up": {"uv": [0, 0, 2, 1.5], "rotation": 180, "texture": "#missing"},
				"down": {"uv": [0, 4, 1, 5.5], "texture": "#block"}
			}
		},
		{
			"from": [6, 9, 13],
			"to": [7, 10, 16],
			"faces": {
				"north": {"uv": [0, 4, 1, 5.5], "rotation": 180, "texture": "#block"},
				"east": {"uv": [7, 5, 9, 6], "rotation": 180, "texture": "#block"},
				"south": {"uv": [7, 5, 9, 6], "rotation": 270, "texture": "#block"},
				"west": {"uv": [0, 0, 2, 1.5], "rotation": 90, "texture": "#missing"},
				"up": {"uv": [0, 0, 1, 1.5], "rotation": 180, "texture": "#missing"},
				"down": {"uv": [7, 5, 9, 6], "rotation": 270, "texture": "#block"}
			}
		},
		{
			"from": [5, 7, 13],
			"to": [6, 9, 16],
			"faces": {
				"north": {"uv": [0, 4, 1, 5.5], "rotation": 180, "texture": "#block"},
				"east": {"uv": [7, 5, 9, 6], "rotation": 180, "texture": "#block"},
				"south": {"uv": [7, 5, 9, 6], "rotation": 270, "texture": "#block"},
				"west": {"uv": [0, 0, 2, 1.5], "rotation": 90, "texture": "#missing"},
				"up": {"uv": [0, 0, 1, 1.5], "rotation": 180, "texture": "#missing"},
				"down": {"uv": [0, 0, 1, 1.5], "texture": "#missing"}
			}
		},
		{
			"from": [6, 6, 13],
			"to": [7, 7, 16],
			"faces": {
				"north": {"uv": [0, 4, 1, 5.5], "rotation": 180, "texture": "#block"},
				"east": {"uv": [7, 5, 9, 6], "rotation": 180, "texture": "#block"},
				"south": {"uv": [7, 5, 9, 6], "rotation": 270, "texture": "#block"},
				"west": {"uv": [0, 0, 2, 1.5], "rotation": 90, "texture": "#missing"},
				"up": {"uv": [7, 5, 9, 6], "rotation": 90, "texture": "#block"},
				"down": {"uv": [0, 0, 1, 1.5], "texture": "#missing"}
			}
		},
		{
			"from": [7, 5, 13],
			"to": [9, 6, 16],
			"faces": {
				"north": {"uv": [0, 4, 1, 5.5], "rotation": 180, "texture": "#block"},
				"east": {"uv": [0, 0, 1, 1.5], "rotation": 270, "texture": "#missing"},
				"south": {"uv": [7, 5, 9, 6], "texture": "#block"},
				"west": {"uv": [0, 0, 1, 1.5], "rotation": 90, "texture": "#missing"},
				"up": {"uv": [7, 5, 9, 6], "rotation": 90, "texture": "#block"},
				"down": {"uv": [0, 0, 2, 1.5], "texture": "#missing"}
			}
		},
		{
			"from": [9, 6, 13],
			"to": [10, 7, 16],
			"faces": {
				"north": {"uv": [0, 4, 1, 5.5], "rotation": 180, "texture": "#block"},
				"east": {"uv": [0, 0, 2, 1.5], "rotation": 270, "texture": "#missing"},
				"south": {"uv": [7, 5, 9, 6], "rotation": 270, "texture": "#block"},
				"west": {"uv": [7, 5, 9, 6], "texture": "#block"},
				"up": {"uv": [7, 5, 9, 6], "rotation": 90, "texture": "#block"},
				"down": {"uv": [0, 0, 1, 1.5], "texture": "#missing"}
			}
		},
		{
			"from": [10, 7, 13],
			"to": [11, 9, 16],
			"faces": {
				"north": {"uv": [0, 4, 1, 5.5], "rotation": 180, "texture": "#block"},
				"east": {"uv": [0, 0, 2, 1.5], "rotation": 270, "texture": "#missing"},
				"south": {"uv": [7, 10, 9, 11], "rotation": 270, "texture": "#block"},
				"west": {"uv": [7, 5, 9, 6], "texture": "#block"},
				"up": {"uv": [0, 0, 1, 1.5], "rotation": 180, "texture": "#missing"},
				"down": {"uv": [0, 0, 1, 1.5], "texture": "#missing"}
			}
		},
		{
			"from": [9, 9, 13],
			"to": [10, 10, 16],
			"faces": {
				"north": {"uv": [0, 4, 1, 5.5], "rotation": 180, "texture": "#block"},
				"east": {"uv": [0, 0, 2, 1.5], "rotation": 270, "texture": "#missing"},
				"south": {"uv": [7, 5, 9, 6], "rotation": 270, "texture": "#block"},
				"west": {"uv": [7, 5, 9, 6], "texture": "#block"},
				"up": {"uv": [0, 0, 1, 1.5], "rotation": 180, "texture": "#missing"},
				"down": {"uv": [7, 5, 9, 6], "rotation": 270, "texture": "#block"}
			}
		},
		{
			"from": [6, 10, 13],
			"to": [7, 11, 16],
			"faces": {
				"north": {"uv": [7, 4, 8, 5], "rotation": 180, "texture": "#block"},
				"east": {"uv": [7, 4, 8, 4.5], "rotation": 270, "texture": "#block"},
				"south": {"uv": [7, 4, 8, 5], "texture": "#block"},
				"west": {"uv": [7, 4, 8, 4.5], "rotation": 90, "texture": "#block"},
				"up": {"uv": [7, 4, 8, 4.5], "rotation": 180, "texture": "#block"},
				"down": {"uv": [7, 4, 8, 4.5], "texture": "#block"}
			}
		},
		{
			"from": [7, 11, 13],
			"to": [8, 12, 16],
			"faces": {
				"north": {"uv": [7, 4, 8, 5], "rotation": 180, "texture": "#block"},
				"east": {"uv": [0, 0, 1, 2.5], "rotation": 270, "texture": "#missing"},
				"south": {"uv": [7, 4, 8, 5], "texture": "#block"},
				"west": {"uv": [7, 4, 8, 4.5], "rotation": 90, "texture": "#block"},
				"up": {"uv": [7, 4, 8, 4.5], "rotation": 180, "texture": "#block"},
				"down": {"uv": [7, 4, 8, 4.5], "texture": "#block"}
			}
		},
		{
			"from": [9, 10, 13],
			"to": [10, 11, 16],
			"faces": {
				"north": {"uv": [7, 4, 8, 5], "rotation": 180, "texture": "#block"},
				"east": {"uv": [7, 4, 8, 4.5], "rotation": 270, "texture": "#block"},
				"south": {"uv": [7, 4, 8, 5], "texture": "#block"},
				"west": {"uv": [7, 4, 8, 4.5], "rotation": 90, "texture": "#block"},
				"up": {"uv": [7, 4, 8, 4.5], "rotation": 180, "texture": "#block"},
				"down": {"uv": [7, 4, 8, 4.5], "texture": "#block"}
			}
		},
		{
			"from": [8, 11, 13],
			"to": [9, 12, 16],
			"faces": {
				"north": {"uv": [7, 4, 8, 5], "rotation": 180, "texture": "#block"},
				"east": {"uv": [7, 4, 8, 4.5], "rotation": 270, "texture": "#block"},
				"south": {"uv": [7, 4, 8, 5], "texture": "#block"},
				"west": {"uv": [0, 0, 1, 2.5], "rotation": 90, "texture": "#missing"},
				"up": {"uv": [7, 4, 8, 4.5], "rotation": 180, "texture": "#block"},
				"down": {"uv": [7, 4, 8, 4.5], "texture": "#block"}
			}
		},
		{
			"from": [10, 9, 13],
			"to": [11, 10, 16],
			"faces": {
				"north": {"uv": [7, 4, 8, 5], "rotation": 180, "texture": "#block"},
				"east": {"uv": [7, 4, 8, 4.5], "rotation": 270, "texture": "#block"},
				"south": {"uv": [7, 4, 8, 5], "texture": "#block"},
				"west": {"uv": [7, 4, 8, 4.5], "rotation": 90, "texture": "#block"},
				"up": {"uv": [7, 4, 8, 4.5], "rotation": 180, "texture": "#block"},
				"down": {"uv": [7, 4, 8, 4.5], "texture": "#block"}
			}
		},
		{
			"from": [11, 8, 13],
			"to": [12, 9, 16],
			"faces": {
				"north": {"uv": [7, 4, 8, 5], "rotation": 180, "texture": "#block"},
				"east": {"uv": [7, 4, 8, 4.5], "rotation": 270, "texture": "#block"},
				"south": {"uv": [7, 4, 8, 5], "texture": "#block"},
				"west": {"uv": [7, 4, 8, 4.5], "rotation": 90, "texture": "#block"},
				"up": {"uv": [7, 4, 8, 4.5], "rotation": 180, "texture": "#block"},
				"down": {"uv": [0, 0, 1, 2.5], "texture": "#missing"}
			}
		},
		{
			"from": [11, 7, 13],
			"to": [12, 8, 16],
			"faces": {
				"north": {"uv": [7, 4, 8, 5], "rotation": 180, "texture": "#block"},
				"east": {"uv": [7, 4, 8, 4.5], "rotation": 270, "texture": "#block"},
				"south": {"uv": [7, 4, 8, 5], "texture": "#block"},
				"west": {"uv": [7, 4, 8, 4.5], "rotation": 90, "texture": "#block"},
				"up": {"uv": [0, 0, 1, 2.5], "rotation": 180, "texture": "#missing"},
				"down": {"uv": [7, 4, 8, 4.5], "texture": "#block"}
			}
		},
		{
			"from": [10, 6, 13],
			"to": [11, 7, 16],
			"faces": {
				"north": {"uv": [7, 4, 8, 5], "rotation": 180, "texture": "#block"},
				"east": {"uv": [7, 4, 8, 4.5], "rotation": 270, "texture": "#block"},
				"south": {"uv": [7, 4, 8, 5], "texture": "#block"},
				"west": {"uv": [7, 4, 8, 4.5], "rotation": 90, "texture": "#block"},
				"up": {"uv": [7, 4, 8, 4.5], "rotation": 180, "texture": "#block"},
				"down": {"uv": [7, 4, 8, 4.5], "texture": "#block"}
			}
		},
		{
			"from": [9, 5, 13],
			"to": [10, 6, 16],
			"faces": {
				"north": {"uv": [7, 4, 8, 5], "rotation": 180, "texture": "#block"},
				"east": {"uv": [7, 4, 8, 4.5], "rotation": 270, "texture": "#block"},
				"south": {"uv": [7, 4, 8, 5], "texture": "#block"},
				"west": {"uv": [7, 4, 8, 4.5], "rotation": 90, "texture": "#block"},
				"up": {"uv": [7, 4, 8, 4.5], "rotation": 180, "texture": "#block"},
				"down": {"uv": [7, 4, 8, 4.5], "texture": "#block"}
			}
		},
		{
			"from": [8, 4, 13],
			"to": [9, 5, 16],
			"faces": {
				"north": {"uv": [7, 4, 8, 5], "rotation": 180, "texture": "#block"},
				"east": {"uv": [7, 4, 8, 4.5], "rotation": 270, "texture": "#block"},
				"south": {"uv": [7, 4, 8, 5], "texture": "#block"},
				"west": {"uv": [0, 0, 1, 2], "rotation": 90, "texture": "#missing"},
				"up": {"uv": [7, 4, 8, 5], "rotation": 180, "texture": "#block"},
				"down": {"uv": [7, 4, 8, 5], "texture": "#block"}
			}
		},
		{
			"from": [7, 4, 13],
			"to": [8, 5, 16],
			"faces": {
				"north": {"uv": [7, 4, 8, 5], "rotation": 180, "texture": "#block"},
				"east": {"uv": [0, 0, 1, 2.5], "rotation": 270, "texture": "#missing"},
				"south": {"uv": [7, 4, 8, 5], "texture": "#block"},
				"west": {"uv": [7, 4, 8, 4.5], "rotation": 90, "texture": "#block"},
				"up": {"uv": [7, 4, 8, 4.5], "rotation": 180, "texture": "#block"},
				"down": {"uv": [7, 4, 8, 4.5], "texture": "#block"}
			}
		},
		{
			"from": [6, 5, 13],
			"to": [7, 6, 16],
			"faces": {
				"north": {"uv": [7, 4, 8, 5], "rotation": 180, "texture": "#block"},
				"east": {"uv": [7, 4, 8, 4.5], "rotation": 270, "texture": "#block"},
				"south": {"uv": [7, 4, 8, 5], "texture": "#block"},
				"west": {"uv": [7, 4, 8, 4.5], "rotation": 90, "texture": "#block"},
				"up": {"uv": [7, 4, 8, 4.5], "rotation": 180, "texture": "#block"},
				"down": {"uv": [7, 4, 8, 4.5], "texture": "#block"}
			}
		},
		{
			"from": [5, 6, 13],
			"to": [6, 7, 16],
			"faces": {
				"north": {"uv": [7, 4, 8, 5], "rotation": 180, "texture": "#block"},
				"east": {"uv": [7, 4, 8, 4.5], "rotation": 270, "texture": "#block"},
				"south": {"uv": [7, 4, 8, 5], "texture": "#block"},
				"west": {"uv": [7, 4, 8, 4.5], "rotation": 90, "texture": "#block"},
				"up": {"uv": [7, 4, 8, 4.5], "rotation": 180, "texture": "#block"},
				"down": {"uv": [7, 4, 8, 4.5], "texture": "#block"}
			}
		},
		{
			"from": [4, 7, 13],
			"to": [5, 8, 16],
			"faces": {
				"north": {"uv": [7, 4, 8, 5], "rotation": 180, "texture": "#block"},
				"east": {"uv": [7, 4, 8, 4.5], "rotation": 270, "texture": "#block"},
				"south": {"uv": [7, 4, 8, 5], "texture": "#block"},
				"west": {"uv": [7, 4, 8, 4.5], "rotation": 90, "texture": "#block"},
				"up": {"uv": [0, 0, 1, 2.5], "rotation": 180, "texture": "#missing"},
				"down": {"uv": [7, 4, 8, 4.5], "texture": "#block"}
			}
		},
		{
			"from": [4, 8, 13],
			"to": [5, 9, 16],
			"faces": {
				"north": {"uv": [7, 4, 8, 5], "rotation": 180, "texture": "#block"},
				"east": {"uv": [7, 4, 8, 4.5], "rotation": 270, "texture": "#block"},
				"south": {"uv": [7, 4, 8, 5], "texture": "#block"},
				"west": {"uv": [7, 4, 8, 4.5], "rotation": 90, "texture": "#block"},
				"up": {"uv": [7, 4, 8, 4.5], "rotation": 180, "texture": "#block"},
				"down": {"uv": [0, 0, 1, 2.5], "texture": "#missing"}
			}
		},
		{
			"from": [5, 9, 13],
			"to": [6, 10, 16],
			"faces": {
				"north": {"uv": [7, 4, 8, 5], "rotation": 180, "texture": "#block"},
				"east": {"uv": [7, 4, 8, 4.5], "rotation": 270, "texture": "#block"},
				"south": {"uv": [7, 4, 8, 5], "texture": "#block"},
				"west": {"uv": [7, 4, 8, 4.5], "rotation": 90, "texture": "#block"},
				"up": {"uv": [7, 4, 8, 4.5], "rotation": 180, "texture": "#block"},
				"down": {"uv": [7, 4, 8, 4.5], "texture": "#block"}
			}
		},
		{
			"from": [3, 12, 13],
			"to": [4, 14, 16],
			"faces": {
				"north": {"uv": [4, 9, 5, 11], "rotation": 180, "texture": "#block"},
				"east": {"uv": [4, 9, 5, 11], "rotation": 270, "texture": "#block"},
				"south": {"uv": [4, 9, 5, 11], "texture": "#block"},
				"west": {"uv": [4, 9, 5, 11], "rotation": 90, "texture": "#block"},
				"up": {"uv": [4, 9, 5, 11], "rotation": 180, "texture": "#block"},
				"down": {"uv": [4, 9, 5, 11], "texture": "#block"}
			}
		},
		{
			"from": [3, 10, 13],
			"to": [4, 12, 16],
			"faces": {
				"north": {"uv": [4, 9, 5, 11], "rotation": 180, "texture": "#block"},
				"east": {"uv": [4, 9, 5, 11], "rotation": 270, "texture": "#block"},
				"south": {"uv": [4, 9, 5, 11], "texture": "#block"},
				"west": {"uv": [4, 9, 5, 11], "rotation": 90, "texture": "#block"},
				"up": {"uv": [4, 9, 5, 11], "rotation": 180, "texture": "#block"},
				"down": {"uv": [4, 9, 5, 11], "texture": "#block"}
			}
		},
		{
			"from": [3, 9, 13],
			"to": [5, 10, 16],
			"faces": {
				"north": {"uv": [4, 9, 5, 11], "rotation": 180, "texture": "#block"},
				"east": {"uv": [4, 9, 5, 11], "rotation": 270, "texture": "#block"},
				"south": {"uv": [4, 9, 5, 11], "texture": "#block"},
				"west": {"uv": [4, 9, 5, 11], "rotation": 90, "texture": "#block"},
				"up": {"uv": [4, 9, 5, 11], "rotation": 180, "texture": "#block"},
				"down": {"uv": [4, 9, 5, 11], "texture": "#block"}
			}
		},
		{
			"from": [3, 6, 13],
			"to": [5, 7, 16],
			"faces": {
				"north": {"uv": [4, 9, 5, 11], "rotation": 180, "texture": "#block"},
				"east": {"uv": [4, 9, 5, 11], "rotation": 270, "texture": "#block"},
				"south": {"uv": [4, 9, 5, 11], "texture": "#block"},
				"west": {"uv": [4, 9, 5, 11], "rotation": 90, "texture": "#block"},
				"up": {"uv": [4, 9, 5, 11], "rotation": 180, "texture": "#block"},
				"down": {"uv": [4, 9, 5, 11], "texture": "#block"}
			}
		},
		{
			"from": [3, 4, 13],
			"to": [4, 6, 16],
			"faces": {
				"north": {"uv": [4, 9, 5, 11], "rotation": 180, "texture": "#block"},
				"east": {"uv": [4, 9, 5, 11], "rotation": 270, "texture": "#block"},
				"south": {"uv": [4, 9, 5, 11], "texture": "#block"},
				"west": {"uv": [4, 9, 5, 11], "rotation": 90, "texture": "#block"},
				"up": {"uv": [4, 9, 5, 11], "rotation": 180, "texture": "#block"},
				"down": {"uv": [4, 9, 5, 11], "texture": "#block"}
			}
		},
		{
			"from": [3, 2, 13],
			"to": [4, 4, 16],
			"faces": {
				"north": {"uv": [4, 9, 5, 11], "rotation": 180, "texture": "#block"},
				"east": {"uv": [4, 9, 5, 11], "rotation": 270, "texture": "#block"},
				"south": {"uv": [4, 9, 5, 11], "texture": "#block"},
				"west": {"uv": [4, 9, 5, 11], "rotation": 90, "texture": "#block"},
				"up": {"uv": [4, 9, 5, 11], "rotation": 180, "texture": "#block"},
				"down": {"uv": [4, 9, 5, 11], "texture": "#block"}
			}
		},
		{
			"from": [6, 4, 13],
			"to": [7, 5, 16],
			"faces": {
				"north": {"uv": [4, 9, 5, 11], "rotation": 180, "texture": "#block"},
				"east": {"uv": [4, 9, 5, 11], "rotation": 270, "texture": "#block"},
				"south": {"uv": [4, 9, 5, 11], "texture": "#block"},
				"west": {"uv": [4, 9, 5, 11], "rotation": 90, "texture": "#block"},
				"up": {"uv": [4, 9, 5, 11], "rotation": 180, "texture": "#block"},
				"down": {"uv": [4, 9, 5, 11], "texture": "#block"}
			}
		},
		{
			"from": [6, 2, 13],
			"to": [7, 4, 16],
			"faces": {
				"north": {"uv": [4, 9, 5, 11], "rotation": 180, "texture": "#block"},
				"east": {"uv": [4, 9, 5, 11], "rotation": 270, "texture": "#block"},
				"south": {"uv": [4, 9, 5, 11], "texture": "#block"},
				"west": {"uv": [4, 9, 5, 11], "rotation": 90, "texture": "#block"},
				"up": {"uv": [4, 9, 5, 11], "rotation": 180, "texture": "#block"},
				"down": {"uv": [4, 9, 5, 11], "texture": "#block"}
			}
		},
		{
			"from": [9, 4, 13],
			"to": [11, 5, 16],
			"faces": {
				"north": {"uv": [4, 9, 5, 11], "rotation": 180, "texture": "#block"},
				"east": {"uv": [4, 9, 5, 11], "rotation": 270, "texture": "#block"},
				"south": {"uv": [4, 9, 5, 11], "texture": "#block"},
				"west": {"uv": [4, 9, 5, 11], "rotation": 90, "texture": "#block"},
				"up": {"uv": [4, 9, 5, 11], "rotation": 180, "texture": "#block"},
				"down": {"uv": [4, 9, 5, 11], "texture": "#block"}
			}
		},
		{
			"from": [10, 2, 13],
			"to": [11, 4, 16],
			"faces": {
				"north": {"uv": [4, 9, 5, 11], "rotation": 180, "texture": "#block"},
				"east": {"uv": [4, 9, 5, 11], "rotation": 270, "texture": "#block"},
				"south": {"uv": [4, 9, 5, 11], "texture": "#block"},
				"west": {"uv": [4, 9, 5, 11], "rotation": 90, "texture": "#block"},
				"up": {"uv": [4, 9, 5, 11], "rotation": 180, "texture": "#block"},
				"down": {"uv": [4, 9, 5, 11], "texture": "#block"}
			}
		},
		{
			"from": [12, 2, 13],
			"to": [13, 6, 16],
			"faces": {
				"north": {"uv": [4, 9, 5, 11], "rotation": 180, "texture": "#block"},
				"east": {"uv": [4, 9, 5, 11], "rotation": 270, "texture": "#block"},
				"south": {"uv": [4, 9, 5, 11], "texture": "#block"},
				"west": {"uv": [4, 9, 5, 11], "rotation": 90, "texture": "#block"},
				"up": {"uv": [4, 9, 5, 11], "rotation": 180, "texture": "#block"},
				"down": {"uv": [4, 9, 5, 11], "texture": "#block"}
			}
		},
		{
			"from": [11, 5, 13],
			"to": [12, 7, 16],
			"faces": {
				"north": {"uv": [4, 9, 5, 11], "rotation": 180, "texture": "#block"},
				"east": {"uv": [4, 9, 5, 11], "rotation": 270, "texture": "#block"},
				"south": {"uv": [4, 9, 5, 11], "texture": "#block"},
				"west": {"uv": [4, 9, 5, 11], "rotation": 90, "texture": "#block"},
				"up": {"uv": [4, 9, 5, 11], "rotation": 180, "texture": "#block"},
				"down": {"uv": [4, 9, 5, 11], "texture": "#block"}
			}
		},
		{
			"from": [12, 8, 13],
			"to": [13, 14, 16],
			"faces": {
				"north": {"uv": [4, 9, 5, 11], "rotation": 180, "texture": "#block"},
				"east": {"uv": [4, 9, 5, 11], "rotation": 270, "texture": "#block"},
				"south": {"uv": [3, 8, 4, 14], "texture": "#block"},
				"west": {"uv": [4, 9, 5, 11], "rotation": 90, "texture": "#block"},
				"up": {"uv": [4, 9, 5, 11], "rotation": 180, "texture": "#block"},
				"down": {"uv": [4, 9, 5, 11], "texture": "#block"}
			}
		},
		{
			"from": [11, 9, 13],
			"to": [12, 11, 16],
			"faces": {
				"north": {"uv": [4, 9, 5, 11], "rotation": 180, "texture": "#block"},
				"east": {"uv": [0, 0, 2, 3], "rotation": 270, "texture": "#missing"},
				"south": {"uv": [4, 9, 5, 11], "texture": "#block"},
				"west": {"uv": [4, 9, 5, 11], "rotation": 90, "texture": "#block"},
				"up": {"uv": [4, 9, 5, 11], "rotation": 180, "texture": "#block"},
				"down": {"uv": [4, 9, 5, 11], "texture": "#block"}
			}
		},
		{
			"from": [9, 11, 13],
			"to": [10, 13, 16],
			"faces": {
				"north": {"uv": [4, 9, 5, 11], "rotation": 180, "texture": "#block"},
				"east": {"uv": [4, 9, 5, 11], "rotation": 270, "texture": "#block"},
				"south": {"uv": [4, 9, 5, 11], "texture": "#block"},
				"west": {"uv": [4, 9, 5, 11], "rotation": 90, "texture": "#block"},
				"up": {"uv": [4, 9, 5, 11], "rotation": 180, "texture": "#block"},
				"down": {"uv": [4, 9, 5, 11], "texture": "#block"}
			}
		},
		{
			"from": [8, 12, 13],
			"to": [9, 14, 16],
			"faces": {
				"north": {"uv": [4, 9, 5, 11], "rotation": 180, "texture": "#block"},
				"east": {"uv": [4, 9, 5, 11], "rotation": 270, "texture": "#block"},
				"south": {"uv": [4, 9, 5, 11], "texture": "#block"},
				"west": {"uv": [4, 9, 5, 11], "rotation": 90, "texture": "#block"},
				"up": {"uv": [4, 9, 5, 11], "rotation": 180, "texture": "#block"},
				"down": {"uv": [4, 9, 5, 11], "texture": "#block"}
			}
		},
		{
			"from": [5, 12, 13],
			"to": [6, 14, 16],
			"faces": {
				"north": {"uv": [4, 9, 5, 11], "rotation": 180, "texture": "#block"},
				"east": {"uv": [4, 9, 5, 11], "rotation": 270, "texture": "#block"},
				"south": {"uv": [4, 9, 5, 11], "texture": "#block"},
				"west": {"uv": [4, 9, 5, 11], "rotation": 90, "texture": "#block"},
				"up": {"uv": [4, 9, 5, 11], "rotation": 180, "texture": "#block"},
				"down": {"uv": [4, 9, 5, 11], "texture": "#block"}
			}
		},
		{
			"from": [6, 11, 13],
			"to": [7, 13, 16],
			"faces": {
				"north": {"uv": [4, 9, 5, 11], "rotation": 180, "texture": "#block"},
				"east": {"uv": [4, 9, 5, 11], "rotation": 270, "texture": "#block"},
				"south": {"uv": [4, 9, 5, 11], "texture": "#block"},
				"west": {"uv": [4, 9, 5, 11], "rotation": 90, "texture": "#block"},
				"up": {"uv": [4, 9, 5, 11], "rotation": 180, "texture": "#block"},
				"down": {"uv": [4, 9, 5, 11], "texture": "#block"}
			}
		},
		{
			"from": [7, 13, 13],
			"to": [8, 14, 16],
			"faces": {
				"north": {"uv": [4, 9, 5, 11], "rotation": 180, "texture": "#block"},
				"east": {"uv": [0, 0, 2, 3], "rotation": 270, "texture": "#missing"},
				"south": {"uv": [4, 9, 5, 11], "texture": "#block"},
				"west": {"uv": [4, 9, 5, 11], "rotation": 90, "texture": "#block"},
				"up": {"uv": [4, 9, 5, 11], "rotation": 180, "texture": "#block"},
				"down": {"uv": [4, 9, 5, 11], "texture": "#block"}
			}
		},
		{
			"from": [5, 10, 13],
			"to": [6, 12, 16],
			"faces": {
				"north": {"uv": [2, 2, 3, 4], "rotation": 180, "texture": "#block"},
				"east": {"uv": [0, 0, 2, 2], "rotation": 270, "texture": "#missing"},
				"south": {"uv": [2, 2, 3, 4], "texture": "#block"},
				"west": {"uv": [0, 0, 2, 2], "rotation": 90, "texture": "#missing"},
				"up": {"uv": [0, 0, 1, 2], "rotation": 180, "texture": "#missing"},
				"down": {"uv": [0, 0, 1, 2], "texture": "#missing"}
			}
		},
		{
			"from": [4, 10, 13],
			"to": [5, 12, 16],
			"faces": {
				"north": {"uv": [2, 2, 3, 4], "rotation": 180, "texture": "#block"},
				"east": {"uv": [0, 0, 2, 2], "rotation": 270, "texture": "#missing"},
				"south": {"uv": [2, 2, 3, 4], "texture": "#block"},
				"west": {"uv": [0, 0, 2, 2], "rotation": 90, "texture": "#missing"},
				"up": {"uv": [0, 0, 1, 2], "rotation": 180, "texture": "#missing"},
				"down": {"uv": [0, 0, 1, 2], "texture": "#missing"}
			}
		},
		{
			"from": [4, 12, 13],
			"to": [5, 14, 16],
			"faces": {
				"north": {"uv": [2, 2, 3, 4], "rotation": 180, "texture": "#block"},
				"east": {"uv": [0, 0, 2, 2], "rotation": 270, "texture": "#missing"},
				"south": {"uv": [2, 2, 3, 4], "texture": "#block"},
				"west": {"uv": [0, 0, 2, 2], "rotation": 90, "texture": "#missing"},
				"up": {"uv": [0, 0, 1, 2], "rotation": 180, "texture": "#missing"},
				"down": {"uv": [0, 0, 1, 2], "texture": "#missing"}
			}
		},
		{
			"from": [6, 13, 13],
			"to": [7, 14, 16],
			"faces": {
				"north": {"uv": [2, 2, 3, 3], "rotation": 180, "texture": "#block"},
				"east": {"uv": [0, 0, 1, 2], "rotation": 270, "texture": "#missing"},
				"south": {"uv": [2, 2, 3, 3], "texture": "#block"},
				"west": {"uv": [0, 0, 1, 2], "rotation": 90, "texture": "#missing"},
				"up": {"uv": [0, 0, 1, 2], "rotation": 180, "texture": "#missing"},
				"down": {"uv": [0, 0, 1, 2], "texture": "#missing"}
			}
		},
		{
			"from": [9, 13, 13],
			"to": [10, 14, 16],
			"faces": {
				"north": {"uv": [2, 2, 3, 3], "rotation": 180, "texture": "#block"},
				"east": {"uv": [0, 0, 1, 2], "rotation": 270, "texture": "#missing"},
				"south": {"uv": [2, 2, 3, 3], "texture": "#block"},
				"west": {"uv": [0, 0, 1, 2], "rotation": 90, "texture": "#missing"},
				"up": {"uv": [0, 0, 1, 2], "rotation": 180, "texture": "#missing"},
				"down": {"uv": [0, 0, 1, 2], "texture": "#missing"}
			}
		},
		{
			"from": [7, 12, 13],
			"to": [8, 13, 16],
			"faces": {
				"north": {"uv": [2, 2, 3, 3], "rotation": 180, "texture": "#block"},
				"east": {"uv": [0, 0, 1, 2], "rotation": 270, "texture": "#missing"},
				"south": {"uv": [2, 2, 3, 3], "texture": "#block"},
				"west": {"uv": [0, 0, 1, 2], "rotation": 90, "texture": "#missing"},
				"up": {"uv": [0, 0, 1, 2], "rotation": 180, "texture": "#missing"},
				"down": {"uv": [0, 0, 1, 2], "texture": "#missing"}
			}
		},
		{
			"from": [10, 12, 13],
			"to": [11, 14, 16],
			"faces": {
				"north": {"uv": [2, 2, 3, 4], "rotation": 180, "texture": "#block"},
				"east": {"uv": [0, 0, 2, 2], "rotation": 270, "texture": "#missing"},
				"south": {"uv": [2, 2, 3, 4], "texture": "#block"},
				"west": {"uv": [0, 0, 2, 2], "rotation": 90, "texture": "#missing"},
				"up": {"uv": [0, 0, 1, 2], "rotation": 180, "texture": "#missing"},
				"down": {"uv": [0, 0, 1, 2], "texture": "#missing"}
			}
		},
		{
			"from": [11, 11, 13],
			"to": [12, 14, 16],
			"faces": {
				"north": {"uv": [2, 2, 3, 5], "rotation": 180, "texture": "#block"},
				"east": {"uv": [0, 0, 3, 2], "rotation": 270, "texture": "#missing"},
				"south": {"uv": [2, 2, 3, 5], "texture": "#block"},
				"west": {"uv": [0, 0, 3, 2], "rotation": 90, "texture": "#missing"},
				"up": {"uv": [0, 0, 1, 2], "rotation": 180, "texture": "#missing"},
				"down": {"uv": [0, 0, 1, 2], "texture": "#missing"}
			}
		},
		{
			"from": [10, 10, 13],
			"to": [11, 12, 16],
			"faces": {
				"north": {"uv": [2, 2, 3, 4], "rotation": 180, "texture": "#block"},
				"east": {"uv": [0, 0, 2, 2], "rotation": 270, "texture": "#missing"},
				"south": {"uv": [2, 2, 3, 4], "texture": "#block"},
				"west": {"uv": [0, 0, 2, 2], "rotation": 90, "texture": "#missing"},
				"up": {"uv": [0, 0, 1, 2], "rotation": 180, "texture": "#missing"},
				"down": {"uv": [0, 0, 1, 2], "texture": "#missing"}
			}
		},
		{
			"from": [2, 2, 13],
			"to": [3, 14, 16],
			"faces": {
				"north": {"uv": [2, 2, 3, 14], "rotation": 180, "texture": "#block"},
				"east": {"uv": [0, 0, 12, 3], "rotation": 270, "texture": "#missing"},
				"south": {"uv": [2, 2, 3, 14], "texture": "#block"},
				"west": {"uv": [0, 0, 12, 3], "rotation": 90, "texture": "#missing"},
				"up": {"uv": [0, 0, 1, 3], "rotation": 180, "texture": "#missing"},
				"down": {"uv": [0, 0, 1, 3], "texture": "#missing"}
			}
		},
		{
			"from": [3, 7, 13],
			"to": [4, 9, 16],
			"faces": {
				"north": {"uv": [2, 2, 3, 4], "rotation": 180, "texture": "#block"},
				"east": {"uv": [0, 0, 2, 2], "rotation": 270, "texture": "#missing"},
				"south": {"uv": [2, 2, 3, 4], "texture": "#block"},
				"west": {"uv": [0, 0, 2, 2], "rotation": 90, "texture": "#missing"},
				"up": {"uv": [0, 0, 1, 2], "rotation": 180, "texture": "#missing"},
				"down": {"uv": [0, 0, 1, 2], "texture": "#missing"}
			}
		},
		{
			"from": [12, 6, 13],
			"to": [13, 8, 16],
			"faces": {
				"north": {"uv": [2, 2, 3, 4], "rotation": 180, "texture": "#block"},
				"east": {"uv": [0, 0, 2, 2], "rotation": 270, "texture": "#missing"},
				"south": {"uv": [2, 2, 3, 4], "texture": "#block"},
				"west": {"uv": [0, 0, 2, 2], "rotation": 90, "texture": "#missing"},
				"up": {"uv": [0, 0, 1, 2], "rotation": 180, "texture": "#missing"},
				"down": {"uv": [0, 0, 1, 2], "texture": "#missing"}
			}
		},
		{
			"from": [13, 2, 13],
			"to": [14, 14, 16],
			"faces": {
				"north": {"uv": [2, 2, 3, 14], "rotation": 180, "texture": "#block"},
				"east": {"uv": [0, 0, 12, 3], "rotation": 270, "texture": "#missing"},
				"south": {"uv": [2, 2, 3, 14], "texture": "#block"},
				"west": {"uv": [2, 2, 3, 14], "rotation": 90, "texture": "#block"},
				"up": {"uv": [0, 0, 1, 3], "rotation": 180, "texture": "#missing"},
				"down": {"uv": [0, 0, 1, 3], "texture": "#missing"}
			}
		},
		{
			"from": [10, 5, 13],
			"to": [11, 6, 16],
			"faces": {
				"north": {"uv": [2, 2, 3, 3], "rotation": 180, "texture": "#block"},
				"east": {"uv": [0, 0, 1, 2], "rotation": 270, "texture": "#missing"},
				"south": {"uv": [2, 2, 3, 3], "texture": "#block"},
				"west": {"uv": [0, 0, 1, 2], "rotation": 90, "texture": "#missing"},
				"up": {"uv": [0, 0, 1, 2], "rotation": 180, "texture": "#missing"},
				"down": {"uv": [0, 0, 1, 2], "texture": "#missing"}
			}
		},
		{
			"from": [9, 2, 13],
			"to": [10, 4, 16],
			"faces": {
				"north": {"uv": [2, 2, 3, 4], "rotation": 180, "texture": "#block"},
				"east": {"uv": [0, 0, 2, 2], "rotation": 270, "texture": "#missing"},
				"south": {"uv": [2, 2, 3, 4], "texture": "#block"},
				"west": {"uv": [0, 0, 2, 2], "rotation": 90, "texture": "#missing"},
				"up": {"uv": [0, 0, 1, 2], "rotation": 180, "texture": "#missing"},
				"down": {"uv": [0, 0, 1, 2], "texture": "#missing"}
			}
		},
		{
			"from": [8, 2, 13],
			"to": [9, 4, 16],
			"faces": {
				"north": {"uv": [2, 2, 3, 4], "rotation": 180, "texture": "#block"},
				"east": {"uv": [0, 0, 2, 2], "rotation": 270, "texture": "#missing"},
				"south": {"uv": [2, 2, 3, 4], "texture": "#block"},
				"west": {"uv": [0, 0, 2, 2], "rotation": 90, "texture": "#missing"},
				"up": {"uv": [0, 0, 1, 2], "rotation": 180, "texture": "#missing"},
				"down": {"uv": [0, 0, 1, 2], "texture": "#missing"}
			}
		},
		{
			"from": [7, 2, 13],
			"to": [8, 4, 16],
			"faces": {
				"north": {"uv": [2, 2, 3, 4], "rotation": 180, "texture": "#block"},
				"east": {"uv": [0, 0, 2, 2], "rotation": 270, "texture": "#missing"},
				"south": {"uv": [2, 2, 3, 4], "texture": "#block"},
				"west": {"uv": [0, 0, 2, 2], "rotation": 90, "texture": "#missing"},
				"up": {"uv": [0, 0, 1, 2], "rotation": 180, "texture": "#missing"},
				"down": {"uv": [0, 0, 1, 2], "texture": "#missing"}
			}
		},
		{
			"from": [5, 4, 13],
			"to": [6, 6, 16],
			"faces": {
				"north": {"uv": [2, 2, 3, 4], "rotation": 180, "texture": "#block"},
				"east": {"uv": [0, 0, 2, 2], "rotation": 270, "texture": "#missing"},
				"south": {"uv": [2, 2, 3, 4], "texture": "#block"},
				"west": {"uv": [0, 0, 2, 2], "rotation": 90, "texture": "#missing"},
				"up": {"uv": [0, 0, 1, 2], "rotation": 180, "texture": "#missing"},
				"down": {"uv": [0, 0, 1, 2], "texture": "#missing"}
			}
		},
		{
			"from": [4, 4, 13],
			"to": [5, 6, 16],
			"faces": {
				"north": {"uv": [2, 2, 3, 4], "rotation": 180, "texture": "#block"},
				"east": {"uv": [0, 0, 2, 2], "rotation": 270, "texture": "#missing"},
				"south": {"uv": [2, 2, 3, 4], "texture": "#block"},
				"west": {"uv": [0, 0, 2, 2], "rotation": 90, "texture": "#missing"},
				"up": {"uv": [0, 0, 1, 2], "rotation": 180, "texture": "#missing"},
				"down": {"uv": [0, 0, 1, 2], "texture": "#missing"}
			}
		},
		{
			"from": [4, 2, 13],
			"to": [5, 4, 16],
			"faces": {
				"north": {"uv": [2, 2, 3, 4], "rotation": 180, "texture": "#block"},
				"east": {"uv": [0, 0, 2, 2], "rotation": 270, "texture": "#missing"},
				"south": {"uv": [2, 2, 3, 4], "texture": "#block"},
				"west": {"uv": [0, 0, 2, 2], "rotation": 90, "texture": "#missing"},
				"up": {"uv": [0, 0, 1, 2], "rotation": 180, "texture": "#missing"},
				"down": {"uv": [0, 0, 1, 2], "texture": "#missing"}
			}
		},
		{
			"from": [5, 2, 13],
			"to": [6, 4, 16],
			"faces": {
				"north": {"uv": [2, 2, 3, 4], "rotation": 180, "texture": "#block"},
				"east": {"uv": [0, 0, 2, 2], "rotation": 270, "texture": "#missing"},
				"south": {"uv": [2, 2, 3, 4], "texture": "#block"},
				"west": {"uv": [0, 0, 2, 2], "rotation": 90, "texture": "#missing"},
				"up": {"uv": [0, 0, 1, 2], "rotation": 180, "texture": "#missing"},
				"down": {"uv": [0, 0, 1, 2], "texture": "#missing"}
			}
		},
		{
			"from": [11, 2, 13],
			"to": [12, 5, 16],
			"faces": {
				"north": {"uv": [2, 2, 3, 5], "rotation": 180, "texture": "#block"},
				"east": {"uv": [0, 0, 3, 2], "rotation": 270, "texture": "#missing"},
				"south": {"uv": [2, 2, 3, 5], "texture": "#block"},
				"west": {"uv": [0, 0, 3, 2], "rotation": 90, "texture": "#missing"},
				"up": {"uv": [0, 0, 1, 2], "rotation": 180, "texture": "#missing"},
				"down": {"uv": [0, 0, 1, 2], "texture": "#missing"}
			}
		}
	],
	"display": {
		"thirdperson_righthand": {
			"rotation": [68, -45, 0],
			"translation": [0, 3.25, 1.75],
			"scale": [0.4, 0.4, 0.4]
		},
		"thirdperson_lefthand": {
			"rotation": [68, -45, 0],
			"translation": [0, 3.25, 1.75],
			"scale": [0.4, 0.4, 0.4]
		},
		"firstperson_righthand": {
			"rotation": [6, 36, 0],
			"translation": [1, 2.5, -1.5],
			"scale": [0.6, 0.6, 0.6]
		},
		"firstperson_lefthand": {
			"rotation": [6, 36, 0],
			"translation": [1, 2.5, -1.5],
			"scale": [0.6, 0.6, 0.6]
		},
		"ground": {
			"translation": [0, 2.5, 0],
			"scale": [0.25, 0.25, 0.25]
		},
		"gui": {
			"rotation": [28, 45, 0],
			"scale": [0.6, 0.6, 0.6]
		},
		"head": {
			"rotation": [90, 0, 0]
		},
		"fixed": {
			"scale": [0.5, 0.5, 0.5]
		}
	},
	"groups": [
		{
			"name": "outer border",
			"origin": [8, 8, 8],
			"color": 0,
			"children": [0, 1, 2, 3]
		},
		{
			"name": "inner outer border",
			"origin": [8, 8, 8],
			"color": 0,
			"children": [4, 5, 6, 7]
		},
		{
			"name": "inner inner border",
			"origin": [8, 8, 8],
			"color": 0,
			"children": [8, 9, 10, 11, 12, 13, 14, 15]
		},
		{
			"name": "outer inner border",
			"origin": [8, 8, 8],
			"color": 0,
			"children": [16, 17, 18, 19, 20, 21, 22, 23, 24, 25, 26, 27, 28, 29, 30, 31]
		},
		{
			"name": "darker bits",
			"origin": [8, 8, 8],
			"color": 0,
			"children": [32, 33, 34, 35, 36, 37, 38, 39, 40, 41, 42, 43, 44, 45, 46, 47, 48, 49, 50]
		},
		{
			"name": "lighter bits",
			"origin": [8, 8, 8],
			"color": 0,
			"children": [51, 52, 53, 54, 55, 56, 57, 58, 59, 60, 61, 62, 63, 64, 65, 66, 67, 68, 69, 70, 71, 72]
		}
	]
}
