{
	"textures": {
		"texture": "block/acacia_trapdoor",
		"particle": "block/acacia_trapdoor"
	},
	"elements": [
		{
			"from": [0, 0, 0],
			"to": [16, 3, 3],
			"faces": {
				"north": {"uv": [0, 15, 16, 16], "texture": "#texture"},
				"east": {"uv": [0, 0, 1, 1], "rotation": 270, "texture": "#texture"},
				"south": {"uv": [0, 13, 16, 14], "rotation": 180, "texture": "#texture"},
				"west": {"uv": [0, 0, 1, 1], "rotation": 90, "texture": "#texture"},
				"up": {"uv": [16, 13, 0, 16], "rotation": 180, "texture": "#texture"},
				"down": {"uv": [16, 13, 0, 16], "texture": "#texture"}
			}
		},
		{
			"from": [6, -0.75, 0],
			"to": [10, 3.75, 1],
			"faces": {
				"north": {"uv": [6, 15, 10, 16], "rotation": 90, "texture": "#texture"},
				"east": {"uv": [6, 15, 10, 16], "rotation": 90, "texture": "#texture"},
				"south": {"uv": [6, 15, 10, 16], "rotation": 90, "texture": "#texture"},
				"west": {"uv": [6, 15, 10, 16], "rotation": 90, "texture": "#texture"},
				"up": {"uv": [6, 15, 10, 16], "rotation": 90, "texture": "#texture"},
				"down": {"uv": [6, 15, 10, 16], "rotation": 90, "texture": "#texture"}
			}
		},
		{
			"from": [6, -0.75, 1],
			"to": [10, -0.25, 2],
			"rotation": {"angle": 0, "axis": "y", "origin": [8, 8, 9]},
			"faces": {
				"north": {"uv": [6, 14, 10, 15], "texture": "#texture"},
				"east": {"uv": [6, 14, 10, 15], "texture": "#texture"},
				"south": {"uv": [6, 14, 10, 15], "texture": "#texture"},
				"west": {"uv": [6, 14, 10, 15], "texture": "#texture"},
				"up": {"uv": [6, 14, 10, 15], "texture": "#texture"},
				"down": {"uv": [6, 14, 10, 15], "texture": "#texture"}
			}
		},
		{
			"from": [6, 3.25, 1],
			"to": [10, 3.75, 2],
			"rotation": {"angle": 0, "axis": "y", "origin": [8, 8, 9]},
			"faces": {
				"north": {"uv": [6, 14, 10, 15], "texture": "#texture"},
				"east": {"uv": [6, 14, 10, 15], "texture": "#texture"},
				"south": {"uv": [6, 14, 10, 15], "texture": "#texture"},
				"west": {"uv": [6, 14, 10, 15], "texture": "#texture"},
				"up": {"uv": [6, 14, 10, 15], "texture": "#texture"},
				"down": {"uv": [6, 14, 10, 15], "texture": "#texture"}
			}
		},
		{
			"from": [0, 0, 3],
			"to": [2, 3, 13],
			"faces": {
				"north": {"uv": [0, 0, 1, 1], "texture": "#texture"},
				"east": {"uv": [0, 1, 1, 2], "rotation": 270, "texture": "#texture"},
				"south": {"uv": [0, 0, 1, 1], "rotation": 180, "texture": "#texture"},
				"west": {"uv": [0, 0, 1, 1], "rotation": 90, "texture": "#texture"},
				"up": {"uv": [0, 3, 2, 13], "rotation": 180, "texture": "#texture"},
				"down": {"uv": [14, 3, 16, 13], "texture": "#texture"}
			}
		},
		{
			"from": [4, 0, 3],
			"to": [7, 3, 13],
			"faces": {
				"east": {"uv": [0, 0, 1, 1], "rotation": 270, "texture": "#texture"},
				"west": {"uv": [0, 1, 1, 2], "rotation": 90, "texture": "#texture"},
				"up": {"uv": [12, 3, 9, 13], "rotation": 180, "texture": "#texture"},
				"down": {"uv": [12, 3, 9, 13], "texture": "#texture"}
			}
		},
		{
			"from": [9, 0, 3],
			"to": [12, 3, 13],
			"faces": {
				"east": {"uv": [0, 0, 1, 1], "rotation": 270, "texture": "#texture"},
				"west": {"uv": [0, 1, 1, 2], "rotation": 90, "texture": "#texture"},
				"up": {"uv": [12, 3, 9, 13], "rotation": 180, "texture": "#texture"},
				"down": {"uv": [12, 3, 9, 13], "texture": "#texture"}
			}
		},
		{
			"from": [14, 0, 3],
			"to": [16, 3, 13],
			"faces": {
				"north": {"uv": [0, 0, 1, 1], "texture": "#texture"},
				"east": {"uv": [0, 0, 1, 1], "rotation": 270, "texture": "#texture"},
				"south": {"uv": [0, 0, 1, 1], "rotation": 180, "texture": "#texture"},
				"west": {"uv": [0, 0, 1, 1], "rotation": 90, "texture": "#texture"},
				"up": {"uv": [14, 3, 16, 13], "rotation": 180, "texture": "#texture"},
				"down": {"uv": [0, 3, 2, 13], "texture": "#texture"}
			}
		},
		{
			"from": [0, 0, 13],
			"to": [16, 3, 16],
			"faces": {
				"north": {"uv": [0, 2, 16, 3], "texture": "#texture"},
				"east": {"uv": [0, 0, 1, 1], "rotation": 270, "texture": "#texture"},
				"south": {"uv": [0, 0, 1, 1], "rotation": 180, "texture": "#texture"},
				"west": {"uv": [0, 0, 1, 1], "rotation": 90, "texture": "#texture"},
				"up": {"uv": [16, 0, 0, 3], "rotation": 180, "texture": "#texture"},
				"down": {"uv": [16, 0, 0, 3], "texture": "#texture"}
			}
		}
	],
	"display": {
		"thirdperson_righthand": {
			"rotation": [68, -45, 0],
			"translation": [0, 3.25, 1.75],
			"scale": [0.4, 0.4, 0.4]
		},
		"thirdperson_lefthand": {
			"rotation": [68, -45, 0],
			"translation": [0, 3.25, 1.75],
			"scale": [0.4, 0.4, 0.4]
		},
		"firstperson_righthand": {
			"rotation": [6, 36, 0],
			"translation": [1, 2.5, -1.5],
			"scale": [0.6, 0.6, 0.6]
		},
		"firstperson_lefthand": {
			"rotation": [6, 36, 0],
			"translation": [1, 2.5, -1.5],
			"scale": [0.6, 0.6, 0.6]
		},
		"ground": {
			"translation": [0, 2.5, 0],
			"scale": [0.25, 0.25, 0.25]
		},
		"gui": {
			"rotation": [28, 45, 0],
			"scale": [0.6, 0.6, 0.6]
		},
		"head": {
			"rotation": [90, 0, 0]
		},
		"fixed": {
			"scale": [0.5, 0.5, 0.5]
		}
	}
}