{
	"ambientocclusion": false,
	"textures": {
		"particle": "block/activator_rail",
		"front": "block/activator_rail"
	},
	"elements": [
		{
			"name": "Cube",
			"from": [2, 8.5, -4.6421],
			"to": [4, 9.5, 18.3995],
			"rotation": {"angle": 45, "axis": "x", "origin": [8, 8, 8]},
			"faces": {
				"north": {"uv": [2, 1, 4, 0], "rotation": 180, "texture": "#front"},
				"east": {"uv": [4, 0, 3, 16], "rotation": 90, "texture": "#front"},
				"south": {"uv": [2, 0, 4, 1], "texture": "#front"},
				"west": {"uv": [3, 16, 2, 0], "rotation": 90, "texture": "#front"},
				"up": {"uv": [2, 0, 4, 16], "texture": "#front"},
				"down": {"uv": [4, 16, 2, 0], "rotation": 180, "texture": "#front"}
			}
		},
		{
			"name": "Cube",
			"from": [12, 8.5, -4.64214],
			"to": [14, 9.5, 18.39949],
			"rotation": {"angle": 45, "axis": "x", "origin": [8, 8, 8]},
			"faces": {
				"north": {"uv": [2, 1, 4, 0], "texture": "#front"},
				"east": {"uv": [3, 0, 2, 16], "rotation": 90, "texture": "#front"},
				"south": {"uv": [2, 0, 4, 1], "rotation": 180, "texture": "#front"},
				"west": {"uv": [4, 16, 3, 0], "rotation": 90, "texture": "#front"},
				"up": {"uv": [2, 0, 4, 16], "rotation": 180, "texture": "#front"},
				"down": {"uv": [4, 16, 2, 0], "texture": "#front"}
			}
		},
		{
			"name": "Cube",
			"from": [1, 7.5, 6],
			"to": [4, 8.5, 8],
			"rotation": {"angle": 45, "axis": "x", "origin": [8, 8, 8]},
			"faces": {
				"north": {"uv": [2, 14, 1, 13], "rotation": 180, "texture": "#front"},
				"east": {"uv": [1, 13, 2, 15], "rotation": 90, "texture": "#front"},
				"south": {"uv": [1, 14, 2, 13], "rotation": 180, "texture": "#front"},
				"west": {"uv": [14, 15, 15, 13], "rotation": 90, "texture": "#front"},
				"up": {"uv": [1, 15, 2, 13], "rotation": 180, "texture": "#front"},
				"down": {"uv": [2, 15, 1, 13], "texture": "#front"}
			}
		},
		{
			"name": "Cube",
			"from": [1, 7.5, 10.6],
			"to": [4, 8.5, 12.6],
			"rotation": {"angle": 45, "axis": "x", "origin": [8, 8, 8]},
			"faces": {
				"north": {"uv": [2, 14, 1, 13], "rotation": 180, "texture": "#front"},
				"east": {"uv": [1, 13, 2, 15], "rotation": 90, "texture": "#front"},
				"south": {"uv": [1, 14, 2, 13], "rotation": 180, "texture": "#front"},
				"west": {"uv": [14, 15, 15, 13], "rotation": 90, "texture": "#front"},
				"up": {"uv": [1, 15, 2, 13], "rotation": 180, "texture": "#front"},
				"down": {"uv": [2, 15, 1, 13], "texture": "#front"}
			}
		},
		{
			"name": "Cube",
			"from": [1, 7.5, 15.2],
			"to": [4, 8.5, 17.2],
			"rotation": {"angle": 45, "axis": "x", "origin": [8, 8, 8]},
			"faces": {
				"north": {"uv": [2, 14, 1, 13], "rotation": 180, "texture": "#front"},
				"east": {"uv": [1, 13, 2, 15], "rotation": 90, "texture": "#front"},
				"south": {"uv": [1, 14, 2, 13], "rotation": 180, "texture": "#front"},
				"west": {"uv": [14, 15, 15, 13], "rotation": 90, "texture": "#front"},
				"up": {"uv": [1, 15, 2, 13], "rotation": 180, "texture": "#front"},
				"down": {"uv": [2, 15, 1, 13], "texture": "#front"}
			}
		},
		{
			"name": "Cube",
			"from": [1, 7.5, 1.4],
			"to": [4, 8.5, 3.4],
			"rotation": {"angle": 45, "axis": "x", "origin": [8, 8, 8]},
			"faces": {
				"north": {"uv": [2, 14, 1, 13], "rotation": 180, "texture": "#front"},
				"east": {"uv": [1, 13, 2, 15], "rotation": 90, "texture": "#front"},
				"south": {"uv": [1, 14, 2, 13], "rotation": 180, "texture": "#front"},
				"west": {"uv": [14, 15, 15, 13], "rotation": 90, "texture": "#front"},
				"up": {"uv": [1, 15, 2, 13], "rotation": 180, "texture": "#front"},
				"down": {"uv": [2, 15, 1, 13], "texture": "#front"}
			}
		},
		{
			"name": "Cube",
			"from": [12, 7.5, 15.2],
			"to": [15, 8.5, 17.2],
			"rotation": {"angle": 45, "axis": "x", "origin": [8, 8, 8]},
			"faces": {
				"north": {"uv": [2, 14, 1, 13], "rotation": 180, "texture": "#front"},
				"east": {"uv": [1, 13, 2, 15], "rotation": 90, "texture": "#front"},
				"south": {"uv": [1, 14, 2, 13], "rotation": 180, "texture": "#front"},
				"west": {"uv": [14, 15, 15, 13], "rotation": 90, "texture": "#front"},
				"up": {"uv": [1, 15, 2, 13], "rotation": 180, "texture": "#front"},
				"down": {"uv": [2, 15, 1, 13], "texture": "#front"}
			}
		},
		{
			"name": "Cube",
			"from": [12, 7.5, 10.6],
			"to": [15, 8.5, 12.6],
			"rotation": {"angle": 45, "axis": "x", "origin": [8, 8, 8]},
			"faces": {
				"north": {"uv": [2, 14, 1, 13], "rotation": 180, "texture": "#front"},
				"east": {"uv": [1, 13, 2, 15], "rotation": 90, "texture": "#front"},
				"south": {"uv": [1, 14, 2, 13], "rotation": 180, "texture": "#front"},
				"west": {"uv": [14, 15, 15, 13], "rotation": 90, "texture": "#front"},
				"up": {"uv": [1, 15, 2, 13], "rotation": 180, "texture": "#front"},
				"down": {"uv": [2, 15, 1, 13], "texture": "#front"}
			}
		},
		{
			"name": "Cube",
			"from": [12, 7.5, 6],
			"to": [15, 8.5, 8],
			"rotation": {"angle": 45, "axis": "x", "origin": [8, 8, 8]},
			"faces": {
				"north": {"uv": [2, 14, 1, 13], "rotation": 180, "texture": "#front"},
				"east": {"uv": [1, 13, 2, 15], "rotation": 90, "texture": "#front"},
				"south": {"uv": [1, 14, 2, 13], "rotation": 180, "texture": "#front"},
				"west": {"uv": [14, 15, 15, 13], "rotation": 90, "texture": "#front"},
				"up": {"uv": [1, 15, 2, 13], "rotation": 180, "texture": "#front"},
				"down": {"uv": [2, 15, 1, 13], "texture": "#front"}
			}
		},
		{
			"name": "Cube",
			"from": [12, 7.5, -3.2],
			"to": [15, 8.5, -1.2],
			"rotation": {"angle": 45, "axis": "x", "origin": [8, 8, 8]},
			"faces": {
				"north": {"uv": [2, 14, 1, 13], "rotation": 180, "texture": "#front"},
				"east": {"uv": [1, 13, 2, 15], "rotation": 90, "texture": "#front"},
				"south": {"uv": [1, 14, 2, 13], "rotation": 180, "texture": "#front"},
				"west": {"uv": [14, 15, 15, 13], "rotation": 90, "texture": "#front"},
				"up": {"uv": [1, 15, 2, 13], "rotation": 180, "texture": "#front"},
				"down": {"uv": [2, 15, 1, 13], "texture": "#front"}
			}
		},
		{
			"name": "Cube",
			"from": [12, 7.5, 1.4],
			"to": [15, 8.5, 3.4],
			"rotation": {"angle": 45, "axis": "x", "origin": [8, 8, 8]},
			"faces": {
				"north": {"uv": [2, 14, 1, 13], "rotation": 180, "texture": "#front"},
				"east": {"uv": [1, 13, 2, 15], "rotation": 90, "texture": "#front"},
				"south": {"uv": [1, 14, 2, 13], "rotation": 180, "texture": "#front"},
				"west": {"uv": [14, 15, 15, 13], "rotation": 90, "texture": "#front"},
				"up": {"uv": [1, 15, 2, 13], "rotation": 180, "texture": "#front"},
				"down": {"uv": [2, 15, 1, 13], "texture": "#front"}
			}
		},
		{
			"name": "Cube",
			"from": [4, 7.5, 15.2],
			"to": [12, 8.5, 17.2],
			"rotation": {"angle": 45, "axis": "x", "origin": [8, 8, 8]},
			"faces": {
				"north": {"uv": [4, 1, 12, 2], "texture": "#front"},
				"east": {"uv": [0, 0, 0, 0], "texture": "#front"},
				"south": {"uv": [4, 2, 12, 3], "texture": "#front"},
				"west": {"uv": [0, 0, 0, 0], "texture": "#front"},
				"up": {"uv": [4, 1, 12, 3], "texture": "#front"},
				"down": {"uv": [4, 3, 12, 1], "texture": "#front"}
			}
		},
		{
			"name": "Cube",
			"from": [4, 7.5, 10.6],
			"to": [12, 8.5, 12.6],
			"rotation": {"angle": 45, "axis": "x", "origin": [8, 8, 8]},
			"faces": {
				"north": {"uv": [4, 1, 12, 2], "texture": "#front"},
				"east": {"uv": [0, 0, 0, 0], "texture": "#front"},
				"south": {"uv": [4, 2, 12, 3], "texture": "#front"},
				"west": {"uv": [0, 0, 0, 0], "texture": "#front"},
				"up": {"uv": [4, 1, 12, 3], "texture": "#front"},
				"down": {"uv": [4, 3, 12, 1], "texture": "#front"}
			}
		},
		{
			"name": "Cube",
			"from": [4, 7.5, 6],
			"to": [12, 8.5, 8],
			"rotation": {"angle": 45, "axis": "x", "origin": [8, 8, 8]},
			"faces": {
				"north": {"uv": [4, 1, 12, 2], "texture": "#front"},
				"east": {"uv": [0, 0, 0, 0], "texture": "#front"},
				"south": {"uv": [4, 2, 12, 3], "texture": "#front"},
				"west": {"uv": [0, 0, 0, 0], "texture": "#front"},
				"up": {"uv": [4, 1, 12, 3], "texture": "#front"},
				"down": {"uv": [4, 3, 12, 1], "texture": "#front"}
			}
		},
		{
			"name": "Cube",
			"from": [4, 7.5, -3.2],
			"to": [12, 8.5, -1.2],
			"rotation": {"angle": 45, "axis": "x", "origin": [8, 8, 8]},
			"faces": {
				"north": {"uv": [4, 1, 12, 2], "texture": "#front"},
				"east": {"uv": [0, 0, 0, 0], "texture": "#front"},
				"south": {"uv": [4, 2, 12, 3], "texture": "#front"},
				"west": {"uv": [0, 0, 0, 0], "texture": "#front"},
				"up": {"uv": [4, 1, 12, 3], "texture": "#front"},
				"down": {"uv": [4, 3, 12, 1], "texture": "#front"}
			}
		},
		{
			"name": "Cube",
			"from": [4, 7.5, 1.4],
			"to": [12, 8.5, 3.4],
			"rotation": {"angle": 45, "axis": "x", "origin": [8, 8, 8]},
			"faces": {
				"north": {"uv": [4, 1, 12, 2], "texture": "#front"},
				"east": {"uv": [0, 0, 0, 0], "texture": "#front"},
				"south": {"uv": [4, 2, 12, 3], "texture": "#front"},
				"west": {"uv": [0, 0, 0, 0], "texture": "#front"},
				"up": {"uv": [4, 1, 12, 3], "texture": "#front"},
				"down": {"uv": [4, 3, 12, 1], "texture": "#front"}
			}
		},
		{
			"name": "Cube",
			"from": [1, 7.5, -3.2],
			"to": [4, 8.5, -1.2],
			"rotation": {"angle": 45, "axis": "x", "origin": [8, 8, 8]},
			"faces": {
				"north": {"uv": [2, 14, 1, 13], "rotation": 180, "texture": "#front"},
				"east": {"uv": [1, 13, 2, 15], "rotation": 90, "texture": "#front"},
				"south": {"uv": [1, 14, 2, 13], "rotation": 180, "texture": "#front"},
				"west": {"uv": [14, 15, 15, 13], "rotation": 90, "texture": "#front"},
				"up": {"uv": [1, 15, 2, 13], "rotation": 180, "texture": "#front"},
				"down": {"uv": [2, 15, 1, 13], "texture": "#front"}
			}
		},
		{
			"from": [6.6, 7.5, 8],
			"to": [9.2, 8.5, 10.6],
			"rotation": {"angle": 45, "axis": "x", "origin": [8, 8, 8]},
			"faces": {
				"east": {"uv": [8, 7, 9, 9], "rotation": 90, "texture": "#front"},
				"west": {"uv": [7, 7, 8, 9], "rotation": 270, "texture": "#front"},
				"up": {"uv": [7, 7, 9, 9], "texture": "#front"},
				"down": {"uv": [7, 9, 9, 7], "texture": "#front"}
			}
		},
		{
			"from": [6.6, 7.5, 3.4],
			"to": [9.2, 8.5, 6],
			"rotation": {"angle": 45, "axis": "x", "origin": [8, 8, 8]},
			"faces": {
				"east": {"uv": [8, 7, 9, 9], "rotation": 90, "texture": "#front"},
				"west": {"uv": [7, 7, 8, 9], "rotation": 270, "texture": "#front"},
				"up": {"uv": [7, 7, 9, 9], "texture": "#front"},
				"down": {"uv": [7, 9, 9, 7], "texture": "#front"}
			}
		},
		{
			"from": [6.6, 7.5, -1.2],
			"to": [9.2, 8.5, 1.4],
			"rotation": {"angle": 45, "axis": "x", "origin": [8, 8, 8]},
			"faces": {
				"east": {"uv": [8, 7, 9, 9], "rotation": 90, "texture": "#front"},
				"west": {"uv": [7, 7, 8, 9], "rotation": 270, "texture": "#front"},
				"up": {"uv": [7, 7, 9, 9], "texture": "#front"},
				"down": {"uv": [7, 9, 9, 7], "texture": "#front"}
			}
		},
		{
			"from": [6.6, 7.5, 12.6],
			"to": [9.2, 8.5, 15.2],
			"rotation": {"angle": 45, "axis": "x", "origin": [8, 8, 8]},
			"faces": {
				"east": {"uv": [8, 7, 9, 9], "rotation": 90, "texture": "#front"},
				"west": {"uv": [7, 7, 8, 9], "rotation": 270, "texture": "#front"},
				"up": {"uv": [7, 7, 9, 9], "texture": "#front"},
				"down": {"uv": [7, 9, 9, 7], "texture": "#front"}
			}
		}
	]
}
