{
	"ambientocclusion": false,
	"textures": {
		"particle": "block/activator_rail",
		"back": "block/activator_rail"
	},
	"elements": [
		{
			"name": "Cube",
			"from": [12, 1, -0.12132],
			"to": [14, 2, 16.12132],
			"rotation": {"angle": 0, "axis": "y", "origin": [8, 8, 8]},
			"faces": {
				"north": {"uv": [14, 0, 12, 1], "texture": "#back", "cullface": "north"},
				"east": {"uv": [13, 16, 14, 0], "rotation": 270, "texture": "#back"},
				"south": {"uv": [12, 15, 14, 16], "texture": "#back", "cullface": "south"},
				"west": {"uv": [13, 16, 12, 0], "rotation": 90, "texture": "#back"},
				"up": {"uv": [12, 0, 14, 16], "texture": "#back"},
				"down": {"uv": [14, 16, 12, 0], "rotation": 180, "texture": "#back"}
			}
		},
		{
			"name": "Cube",
			"from": [2, 1, -0.12132],
			"to": [4, 2, 16.12132],
			"rotation": {"angle": 0, "axis": "y", "origin": [8, 8, 8]},
			"faces": {
				"north": {"uv": [2, 0, 4, 1], "rotation": 180, "texture": "#back"},
				"east": {"uv": [3, 0, 4, 16], "texture": "#back"},
				"south": {"uv": [2, 0, 4, 1], "texture": "#back"},
				"west": {"uv": [2, 0, 3, 16], "texture": "#back"},
				"up": {"uv": [2, 0, 4, 16], "texture": "#back"},
				"down": {"uv": [2, 0, 4, 16], "texture": "#back"}
			}
		},
		{
			"name": "Cube",
			"from": [1, 0, 1],
			"to": [4, 1, 3],
			"rotation": {"angle": 0, "axis": "y", "origin": [8, 8, 8]},
			"faces": {
				"north": {"uv": [1, 1, 2, 2], "rotation": 180, "texture": "#back"},
				"east": {"uv": [14, 1, 15, 3], "rotation": 90, "texture": "#back"},
				"south": {"uv": [2, 2, 1, 3], "rotation": 180, "texture": "#back"},
				"west": {"uv": [1, 3, 2, 1], "rotation": 90, "texture": "#back"},
				"up": {"uv": [1, 1, 2, 3], "texture": "#back"},
				"down": {"uv": [2, 1, 1, 3], "rotation": 180, "texture": "#back", "cullface": "down"}
			}
		},
		{
			"name": "Cube",
			"from": [12, 0, 1],
			"to": [15, 1, 3],
			"rotation": {"angle": 0, "axis": "y", "origin": [8, 8, 8]},
			"faces": {
				"north": {"uv": [1, 1, 2, 2], "rotation": 180, "texture": "#back"},
				"east": {"uv": [14, 1, 15, 3], "rotation": 90, "texture": "#back"},
				"south": {"uv": [2, 2, 1, 3], "rotation": 180, "texture": "#back"},
				"west": {"uv": [1, 3, 2, 1], "rotation": 90, "texture": "#back"},
				"up": {"uv": [1, 1, 2, 3], "texture": "#back"},
				"down": {"uv": [2, 1, 1, 3], "rotation": 180, "texture": "#back", "cullface": "down"}
			}
		},
		{
			"name": "Cube",
			"from": [1, 0, 5],
			"to": [4, 1, 7],
			"rotation": {"angle": 0, "axis": "y", "origin": [8, 8, 8]},
			"faces": {
				"north": {"uv": [1, 1, 2, 2], "rotation": 180, "texture": "#back"},
				"east": {"uv": [14, 1, 15, 3], "rotation": 90, "texture": "#back"},
				"south": {"uv": [2, 2, 1, 3], "rotation": 180, "texture": "#back"},
				"west": {"uv": [1, 3, 2, 1], "rotation": 90, "texture": "#back"},
				"up": {"uv": [1, 1, 2, 3], "texture": "#back"},
				"down": {"uv": [2, 1, 1, 3], "rotation": 180, "texture": "#back", "cullface": "down"}
			}
		},
		{
			"name": "Cube",
			"from": [12, 0, 5],
			"to": [15, 1, 7],
			"rotation": {"angle": 0, "axis": "y", "origin": [8, 8, 8]},
			"faces": {
				"north": {"uv": [1, 1, 2, 2], "rotation": 180, "texture": "#back"},
				"east": {"uv": [14, 1, 15, 3], "rotation": 90, "texture": "#back"},
				"south": {"uv": [2, 2, 1, 3], "rotation": 180, "texture": "#back"},
				"west": {"uv": [1, 3, 2, 1], "rotation": 90, "texture": "#back"},
				"up": {"uv": [1, 1, 2, 3], "texture": "#back"},
				"down": {"uv": [2, 1, 1, 3], "rotation": 180, "texture": "#back", "cullface": "down"}
			}
		},
		{
			"name": "Cube",
			"from": [1, 0, 9],
			"to": [4, 1, 11],
			"rotation": {"angle": 0, "axis": "y", "origin": [8, 8, 8]},
			"faces": {
				"north": {"uv": [1, 1, 2, 2], "rotation": 180, "texture": "#back"},
				"east": {"uv": [14, 1, 15, 3], "rotation": 90, "texture": "#back"},
				"south": {"uv": [2, 2, 1, 3], "rotation": 180, "texture": "#back"},
				"west": {"uv": [1, 3, 2, 1], "rotation": 90, "texture": "#back"},
				"up": {"uv": [1, 1, 2, 3], "texture": "#back"},
				"down": {"uv": [2, 1, 1, 3], "rotation": 180, "texture": "#back", "cullface": "down"}
			}
		},
		{
			"name": "Cube",
			"from": [12, 0, 9],
			"to": [15, 1, 11],
			"rotation": {"angle": 0, "axis": "y", "origin": [8, 8, 8]},
			"faces": {
				"north": {"uv": [1, 1, 2, 2], "rotation": 180, "texture": "#back"},
				"east": {"uv": [14, 1, 15, 3], "rotation": 90, "texture": "#back"},
				"south": {"uv": [2, 2, 1, 3], "rotation": 180, "texture": "#back"},
				"west": {"uv": [1, 3, 2, 1], "rotation": 90, "texture": "#back"},
				"up": {"uv": [1, 1, 2, 3], "texture": "#back"},
				"down": {"uv": [2, 1, 1, 3], "rotation": 180, "texture": "#back", "cullface": "down"}
			}
		},
		{
			"name": "Cube",
			"from": [1, 0, 13],
			"to": [4, 1, 15],
			"rotation": {"angle": 0, "axis": "y", "origin": [8, 8, 8]},
			"faces": {
				"north": {"uv": [1, 1, 2, 2], "rotation": 180, "texture": "#back"},
				"east": {"uv": [14, 1, 15, 3], "rotation": 90, "texture": "#back"},
				"south": {"uv": [2, 2, 1, 3], "rotation": 180, "texture": "#back"},
				"west": {"uv": [1, 3, 2, 1], "rotation": 90, "texture": "#back"},
				"up": {"uv": [1, 1, 2, 3], "texture": "#back"},
				"down": {"uv": [2, 1, 1, 3], "rotation": 180, "texture": "#back", "cullface": "down"}
			}
		},
		{
			"name": "Cube",
			"from": [12, 0, 13],
			"to": [15, 1, 15],
			"rotation": {"angle": 0, "axis": "y", "origin": [8, 8, 8]},
			"faces": {
				"north": {"uv": [1, 1, 2, 2], "rotation": 180, "texture": "#back"},
				"east": {"uv": [14, 1, 15, 3], "rotation": 90, "texture": "#back"},
				"south": {"uv": [2, 2, 1, 3], "rotation": 180, "texture": "#back"},
				"west": {"uv": [1, 3, 2, 1], "rotation": 90, "texture": "#back"},
				"up": {"uv": [1, 1, 2, 3], "texture": "#back"},
				"down": {"uv": [2, 1, 1, 3], "rotation": 180, "texture": "#back", "cullface": "down"}
			}
		},
		{
			"from": [4, 0, 1],
			"to": [12, 1, 3],
			"faces": {
				"north": {"uv": [4, 1, 12, 2], "texture": "#back"},
				"east": {"uv": [0, 0, 0, 0], "texture": "#back"},
				"south": {"uv": [4, 2, 12, 3], "texture": "#back"},
				"west": {"uv": [0, 0, 0, 0], "texture": "#back"},
				"up": {"uv": [4, 1, 12, 3], "texture": "#back"},
				"down": {"uv": [4, 3, 12, 1], "texture": "#back"}
			}
		},
		{
			"from": [4, 0, 5],
			"to": [12, 1, 7],
			"faces": {
				"north": {"uv": [4, 1, 12, 2], "texture": "#back"},
				"east": {"uv": [0, 0, 0, 0], "texture": "#back"},
				"south": {"uv": [4, 2, 12, 3], "texture": "#back"},
				"west": {"uv": [0, 0, 0, 0], "texture": "#back"},
				"up": {"uv": [4, 1, 12, 3], "texture": "#back"},
				"down": {"uv": [4, 3, 12, 1], "texture": "#back"}
			}
		},
		{
			"from": [4, 0, 9],
			"to": [12, 1, 11],
			"faces": {
				"north": {"uv": [4, 1, 12, 2], "texture": "#back"},
				"east": {"uv": [0, 0, 0, 0], "texture": "#back"},
				"south": {"uv": [4, 2, 12, 3], "texture": "#back"},
				"west": {"uv": [0, 0, 0, 0], "texture": "#back"},
				"up": {"uv": [4, 1, 12, 3], "texture": "#back"},
				"down": {"uv": [4, 3, 12, 1], "texture": "#back"}
			}
		},
		{
			"from": [4, 0, 13],
			"to": [12, 1, 15],
			"faces": {
				"north": {"uv": [4, 1, 12, 2], "texture": "#back"},
				"east": {"uv": [0, 0, 0, 0], "texture": "#back"},
				"south": {"uv": [4, 2, 12, 3], "texture": "#back"},
				"west": {"uv": [0, 0, 0, 0], "texture": "#back"},
				"up": {"uv": [4, 1, 12, 3], "texture": "#back"},
				"down": {"uv": [4, 3, 12, 1], "texture": "#back"}
			}
		},
		{
			"from": [7, 0, 3],
			"to": [9, 1, 5],
			"faces": {
				"north": {"uv": [0, 0, 0, 0], "texture": "#back"},
				"east": {"uv": [8, 3, 9, 5], "rotation": 90, "texture": "#back"},
				"south": {"uv": [0, 0, 0, 0], "texture": "#back"},
				"west": {"uv": [7, 3, 8, 5], "rotation": 270, "texture": "#back"},
				"up": {"uv": [7, 3, 9, 5], "texture": "#back"},
				"down": {"uv": [7, 5, 9, 3], "texture": "#back"}
			}
		},
		{
			"from": [7, 0, 7],
			"to": [9, 1, 9],
			"faces": {
				"north": {"uv": [0, 0, 0, 0], "texture": "#back"},
				"east": {"uv": [8, 3, 9, 5], "rotation": 90, "texture": "#back"},
				"south": {"uv": [0, 0, 0, 0], "texture": "#back"},
				"west": {"uv": [7, 3, 8, 5], "rotation": 270, "texture": "#back"},
				"up": {"uv": [7, 3, 9, 5], "texture": "#back"},
				"down": {"uv": [7, 5, 9, 3], "texture": "#back"}
			}
		},
		{
			"from": [7, 0, 11],
			"to": [9, 1, 13],
			"faces": {
				"north": {"uv": [0, 0, 0, 0], "texture": "#back"},
				"east": {"uv": [8, 3, 9, 5], "rotation": 90, "texture": "#back"},
				"south": {"uv": [0, 0, 0, 0], "texture": "#back"},
				"west": {"uv": [7, 3, 8, 5], "rotation": 270, "texture": "#back"},
				"up": {"uv": [7, 3, 9, 5], "texture": "#back"},
				"down": {"uv": [7, 5, 9, 3], "texture": "#back"}
			}
		}
	],
	"display": {
		"thirdperson_righthand": {
			"rotation": [96, 0, 0],
			"translation": [0, 2.5, 4.5],
			"scale": [0.36, 0.36, 0.36]
		},
		"thirdperson_lefthand": {
			"rotation": [96, 0, 0],
			"translation": [0, 2.5, 4.5],
			"scale": [0.36, 0.36, 0.36]
		},
		"firstperson_righthand": {
			"rotation": [69.5, 0, 74.5],
			"translation": [-1.37, 2.2, -2.12],
			"scale": [0.68, 0.68, 0.68]
		},
		"firstperson_lefthand": {
			"rotation": [69.5, 0, 0],
			"translation": [1.63, 3.2, 3.63],
			"scale": [0.68, 0.68, 0.68]
		},
		"ground": {
			"translation": [0, 3, 0],
			"scale": [0.25, 0.25, 0.25]
		},
		"gui": {
			"rotation": [30, 225, 0],
			"scale": [0.625, 0.625, 0.625]
		},
		"head": {
			"rotation": [0, 180, 0]
		},
		"fixed": {
			"rotation": [-90, 0, 0],
			"translation": [0, 0, -8]
		}
	}
}
