{
	"ambientocclusion": false,
	"textures": {
		"texture": "block/birch_trapdoor",
		"particle": "block/birch_trapdoor"
	},
	"elements": [
		{
			"from": [0, 13, 13],
			"to": [16, 16, 16],
			"faces": {
				"north": {"uv": [0, 13, 16, 16], "rotation": 180, "texture": "#texture"},
				"east": {"uv": [0, 0, 1, 1], "rotation": 180, "texture": "#texture"},
				"south": {"uv": [0, 13, 16, 16], "rotation": 180, "texture": "#texture"},
				"west": {"uv": [0, 0, 1, 1], "rotation": 180, "texture": "#texture"},
				"up": {"uv": [0, 0, 1, 1], "rotation": 180, "texture": "#texture"},
				"down": {"uv": [0, 0, 1, 1], "rotation": 180, "texture": "#texture"}
			}
		},
		{
			"from": [3, 3, 14.25],
			"to": [13, 13, 14.75],
			"faces": {
				"north": {"uv": [3, 3, 13, 13], "rotation": 180, "texture": "#texture"},
				"south": {"uv": [3, 3, 13, 13], "rotation": 180, "texture": "#texture"}
			}
		},
		{
			"from": [5, 12, 13],
			"to": [11, 13, 16],
			"faces": {
				"north": {"uv": [5, 12, 11, 13], "rotation": 180, "texture": "#texture"},
				"east": {"uv": [0, 0, 1, 1], "rotation": 180, "texture": "#texture"},
				"south": {"uv": [5, 12, 11, 13], "rotation": 180, "texture": "#texture"},
				"west": {"uv": [0, 0, 1, 1], "rotation": 180, "texture": "#texture"},
				"down": {"uv": [0, 0, 1, 1], "rotation": 180, "texture": "#texture"}
			}
		},
		{
			"from": [6, 14, 12.25],
			"to": [10, 15, 16.75],
			"faces": {
				"north": {"uv": [6, 14, 10, 15], "rotation": 180, "texture": "#texture"},
				"east": {"uv": [6, 14, 10, 15], "rotation": 180, "texture": "#texture"},
				"south": {"uv": [6, 14, 10, 15], "rotation": 180, "texture": "#texture"},
				"west": {"uv": [6, 14, 10, 15], "rotation": 180, "texture": "#texture"},
				"up": {"uv": [6, 14, 10, 15], "rotation": 180, "texture": "#texture"},
				"down": {"uv": [6, 14, 10, 15], "rotation": 180, "texture": "#texture"}
			}
		},
		{
			"from": [6, 3, 13.5],
			"to": [7, 12, 15.5],
			"faces": {
				"north": {"uv": [6, 3, 7, 12], "rotation": 180, "texture": "#texture"},
				"east": {"uv": [6, 3, 7, 12], "rotation": 180, "texture": "#texture"},
				"south": {"uv": [6, 3, 7, 12], "rotation": 180, "texture": "#texture"},
				"west": {"uv": [6, 3, 7, 12], "rotation": 180, "texture": "#texture"}
			}
		},
		{
			"from": [9, 3, 13.5],
			"to": [10, 12, 15.5],
			"faces": {
				"north": {"uv": [6, 3, 7, 12], "rotation": 180, "texture": "#texture"},
				"east": {"uv": [6, 3, 7, 12], "rotation": 180, "texture": "#texture"},
				"south": {"uv": [6, 3, 7, 12], "rotation": 180, "texture": "#texture"},
				"west": {"uv": [6, 3, 7, 12], "rotation": 180, "texture": "#texture"}
			}
		},
		{
			"from": [3, 9, 13.5],
			"to": [13, 10, 15.5],
			"faces": {
				"north": {"uv": [6, 3, 7, 12], "rotation": 180, "texture": "#texture"},
				"south": {"uv": [6, 3, 7, 12], "rotation": 180, "texture": "#texture"},
				"up": {"uv": [6, 3, 7, 12], "rotation": 180, "texture": "#texture"},
				"down": {"uv": [6, 3, 7, 12], "rotation": 180, "texture": "#texture"}
			}
		},
		{
			"from": [3, 5, 13.5],
			"to": [13, 6, 15.5],
			"faces": {
				"north": {"uv": [6, 3, 7, 12], "rotation": 180, "texture": "#texture"},
				"south": {"uv": [6, 3, 7, 12], "rotation": 180, "texture": "#texture"},
				"up": {"uv": [6, 3, 7, 12], "rotation": 180, "texture": "#texture"},
				"down": {"uv": [6, 3, 7, 12], "rotation": 180, "texture": "#texture"}
			}
		},
		{
			"from": [0, 3, 13],
			"to": [3, 13, 16],
			"faces": {
				"north": {"uv": [0, 3, 3, 14], "rotation": 180, "texture": "#texture"},
				"east": {"uv": [0, 0, 1, 1], "rotation": 180, "texture": "#texture"},
				"south": {"uv": [13, 3, 16, 14], "rotation": 180, "texture": "#texture"},
				"west": {"uv": [0, 0, 1, 1], "rotation": 180, "texture": "#texture"},
				"up": {"uv": [0, 0, 1, 1], "rotation": 180, "texture": "#texture"},
				"down": {"uv": [0, 0, 1, 1], "rotation": 180, "texture": "#texture"}
			}
		},
		{
			"from": [13, 3, 13],
			"to": [16, 13, 16],
			"faces": {
				"north": {"uv": [13, 3, 16, 13], "rotation": 180, "texture": "#texture"},
				"east": {"uv": [0, 0, 1, 1], "rotation": 180, "texture": "#texture"},
				"south": {"uv": [0, 3, 3, 14], "rotation": 180, "texture": "#texture"},
				"west": {"uv": [0, 0, 1, 1], "rotation": 180, "texture": "#texture"},
				"up": {"uv": [0, 0, 1, 1], "rotation": 180, "texture": "#texture"},
				"down": {"uv": [0, 0, 1, 1], "rotation": 180, "texture": "#texture"}
			}
		},
		{
			"from": [0, 0, 13],
			"to": [16, 3, 16],
			"faces": {
				"north": {"uv": [0, 0, 16, 3], "rotation": 180, "texture": "#texture"},
				"east": {"uv": [0, 0, 1, 1], "rotation": 180, "texture": "#texture"},
				"south": {"uv": [0, 0, 16, 3], "rotation": 180, "texture": "#texture"},
				"west": {"uv": [0, 0, 1, 1], "rotation": 180, "texture": "#texture"},
				"up": {"uv": [0, 0, 1, 1], "rotation": 180, "texture": "#texture"},
				"down": {"uv": [0, 0, 1, 1], "rotation": 180, "texture": "#texture"}
			}
		}
	]
}