{
	"ambientocclusion": false,
	"textures": {
		"texture": "block/birch_trapdoor",
		"particle": "block/birch_trapdoor"
	},
	"elements": [
		{
			"from": [0, 13, 0],
			"to": [16, 16, 3],
			"faces": {
				"north": {"uv": [0, 0, 1, 1], "texture": "#texture"},
				"east": {"uv": [0, 0, 1, 1], "rotation": 270, "texture": "#texture"},
				"south": {"uv": [0, 0, 1, 1], "rotation": 180, "texture": "#texture"},
				"west": {"uv": [0, 0, 1, 1], "rotation": 90, "texture": "#texture"},
				"up": {"uv": [0, 13, 16, 16], "rotation": 180, "texture": "#texture"},
				"down": {"uv": [0, 13, 16, 16], "texture": "#texture"}
			}
		},
		{
			"from": [3, 14.25, 3],
			"to": [13, 14.75, 13],
			"faces": {
				"up": {"uv": [3, 3, 13, 13], "rotation": 180, "texture": "#texture"},
				"down": {"uv": [3, 3, 13, 13], "texture": "#texture"}
			}
		},
		{
			"from": [5, 13, 3],
			"to": [11, 16, 4],
			"faces": {
				"east": {"uv": [0, 0, 1, 1], "rotation": 270, "texture": "#texture"},
				"south": {"uv": [0, 0, 1, 1], "rotation": 180, "texture": "#texture"},
				"west": {"uv": [0, 0, 1, 1], "rotation": 90, "texture": "#texture"},
				"up": {"uv": [5, 12, 11, 13], "rotation": 180, "texture": "#texture"},
				"down": {"uv": [5, 12, 11, 13], "texture": "#texture"}
			}
		},
		{
			"from": [6, 12.25, 1],
			"to": [10, 16.75, 2],
			"faces": {
				"north": {"uv": [6, 14, 10, 15], "texture": "#texture"},
				"east": {"uv": [6, 14, 10, 15], "rotation": 270, "texture": "#texture"},
				"south": {"uv": [6, 14, 10, 15], "rotation": 180, "texture": "#texture"},
				"west": {"uv": [6, 14, 10, 15], "rotation": 90, "texture": "#texture"},
				"up": {"uv": [6, 14, 10, 15], "rotation": 180, "texture": "#texture"},
				"down": {"uv": [6, 14, 10, 15], "texture": "#texture"}
			}
		},
		{
			"from": [6, 13.5, 4],
			"to": [7, 15.5, 13],
			"faces": {
				"east": {"uv": [6, 3, 7, 12], "rotation": 270, "texture": "#texture"},
				"west": {"uv": [6, 3, 7, 12], "rotation": 90, "texture": "#texture"},
				"up": {"uv": [6, 3, 7, 12], "rotation": 180, "texture": "#texture"},
				"down": {"uv": [6, 3, 7, 12], "texture": "#texture"}
			}
		},
		{
			"from": [9, 13.5, 4],
			"to": [10, 15.5, 13],
			"faces": {
				"east": {"uv": [6, 3, 7, 12], "rotation": 270, "texture": "#texture"},
				"west": {"uv": [6, 3, 7, 12], "rotation": 90, "texture": "#texture"},
				"up": {"uv": [6, 3, 7, 12], "rotation": 180, "texture": "#texture"},
				"down": {"uv": [6, 3, 7, 12], "texture": "#texture"}
			}
		},
		{
			"from": [3, 13.5, 6],
			"to": [13, 15.5, 7],
			"faces": {
				"north": {"uv": [6, 3, 7, 12], "texture": "#texture"},
				"south": {"uv": [6, 3, 7, 12], "rotation": 180, "texture": "#texture"},
				"up": {"uv": [6, 3, 7, 12], "rotation": 180, "texture": "#texture"},
				"down": {"uv": [6, 3, 7, 12], "texture": "#texture"}
			}
		},
		{
			"from": [3, 13.5, 10],
			"to": [13, 15.5, 11],
			"faces": {
				"north": {"uv": [6, 3, 7, 12], "texture": "#texture"},
				"south": {"uv": [6, 3, 7, 12], "rotation": 180, "texture": "#texture"},
				"up": {"uv": [6, 3, 7, 12], "rotation": 180, "texture": "#texture"},
				"down": {"uv": [6, 3, 7, 12], "texture": "#texture"}
			}
		},
		{
			"from": [0, 13, 3],
			"to": [3, 16, 13],
			"faces": {
				"north": {"uv": [0, 0, 1, 1], "texture": "#texture"},
				"east": {"uv": [0, 0, 1, 1], "rotation": 270, "texture": "#texture"},
				"south": {"uv": [0, 0, 1, 1], "rotation": 180, "texture": "#texture"},
				"west": {"uv": [0, 0, 1, 1], "rotation": 90, "texture": "#texture"},
				"up": {"uv": [13, 3, 16, 14], "rotation": 180, "texture": "#texture"},
				"down": {"uv": [0, 3, 3, 14], "texture": "#texture"}
			}
		},
		{
			"from": [13, 13, 3],
			"to": [16, 16, 13],
			"faces": {
				"north": {"uv": [0, 0, 1, 1], "texture": "#texture"},
				"east": {"uv": [0, 0, 1, 1], "rotation": 270, "texture": "#texture"},
				"south": {"uv": [0, 0, 1, 1], "rotation": 180, "texture": "#texture"},
				"west": {"uv": [0, 0, 1, 1], "rotation": 90, "texture": "#texture"},
				"up": {"uv": [0, 3, 3, 14], "rotation": 180, "texture": "#texture"},
				"down": {"uv": [13, 3, 16, 13], "texture": "#texture"}
			}
		},
		{
			"from": [0, 13, 13],
			"to": [16, 16, 16],
			"faces": {
				"north": {"uv": [0, 0, 1, 1], "texture": "#texture"},
				"east": {"uv": [0, 0, 1, 1], "rotation": 270, "texture": "#texture"},
				"south": {"uv": [0, 0, 1, 1], "rotation": 180, "texture": "#texture"},
				"west": {"uv": [0, 0, 1, 1], "rotation": 90, "texture": "#texture"},
				"up": {"uv": [0, 0, 16, 3], "rotation": 180, "texture": "#texture"},
				"down": {"uv": [0, 0, 16, 3], "texture": "#texture"}
			}
		}
	]
}