{
	"textures": {
		"block": "block/chain",
		"particle": "block/chain"
	},
	"elements": [
		{
			"name": "cube5",
			"from": [6.5, 0, 7.5],
			"to": [9.5, 2, 8.5],
			"rotation": {"angle": -45, "axis": "y", "origin": [8, 8, 8]},
			"faces": {
				"north": {"uv": [3, 14, 6, 16], "texture": "#block"},
				"east": {"uv": [5, 14, 6, 16], "texture": "#block"},
				"south": {"uv": [3, 14, 6, 16], "texture": "#block"},
				"west": {"uv": [3, 14, 4, 16], "texture": "#block"},
				"up": {"uv": [3, 14, 6, 15], "texture": "#block"},
				"down": {"uv": [3, 15, 6, 16], "texture": "#block"}
			}
		},
		{
			"name": "cube6",
			"from": [6.5, 14, 7.5],
			"to": [9.5, 16, 8.5],
			"rotation": {"angle": -45, "axis": "y", "origin": [8, 8, 8]},
			"faces": {
				"north": {"uv": [3, 0, 6, 2], "texture": "#block"},
				"east": {"uv": [3, 0, 4, 2], "texture": "#block"},
				"south": {"uv": [3, 0, 6, 2], "texture": "#block"},
				"west": {"uv": [5, 0, 6, 2], "texture": "#block"},
				"up": {"uv": [3, 0, 6, 1], "texture": "#block"},
				"down": {"uv": [3, 1, 6, 2], "texture": "#block"}
			}
		},
		{
			"name": "cube6",
			"from": [6.5, 3, 7.5],
			"to": [9.5, 7, 8.5],
			"rotation": {"angle": -45, "axis": "y", "origin": [8, 8, 8]},
			"faces": {
				"north": {"uv": [3, 9, 6, 13], "texture": "#block"},
				"east": {"uv": [3, 9, 4, 13], "texture": "#block"},
				"south": {"uv": [3, 9, 6, 13], "texture": "#block"},
				"west": {"uv": [5, 9, 6, 13], "texture": "#block"},
				"up": {"uv": [3, 9, 6, 10], "texture": "#block"},
				"down": {"uv": [3, 12, 6, 13], "texture": "#block"}
			}
		},
		{
			"name": "cube7",
			"from": [6.5, 9, 7.5],
			"to": [9.5, 13, 8.5],
			"rotation": {"angle": -45, "axis": "y", "origin": [8, 8, 8]},
			"faces": {
				"north": {"uv": [3, 3, 6, 7], "texture": "#block"},
				"east": {"uv": [3, 3, 4, 7], "texture": "#block"},
				"south": {"uv": [3, 3, 6, 7], "texture": "#block"},
				"west": {"uv": [5, 3, 6, 7], "texture": "#block"},
				"up": {"uv": [3, 3, 6, 4], "texture": "#block"},
				"down": {"uv": [3, 6, 6, 7], "texture": "#block"}
			}
		},
		{
			"name": "cube6",
			"from": [7.5, 1, 6.5],
			"to": [8.5, 4, 9.5],
			"rotation": {"angle": -45, "axis": "y", "origin": [8, 8, 8]},
			"faces": {
				"north": {"uv": [0, 12, 1, 15], "texture": "#block"},
				"east": {"uv": [0, 12, 3, 15], "texture": "#block"},
				"south": {"uv": [0, 12, 1, 15], "texture": "#block"},
				"west": {"uv": [0, 12, 3, 15], "texture": "#block"},
				"up": {"uv": [0, 12, 3, 13], "rotation": 90, "texture": "#block"},
				"down": {"uv": [0, 14, 3, 15], "rotation": 270, "texture": "#block"}
			}
		},
		{
			"name": "cube7",
			"from": [7.5, 12, 6.5],
			"to": [8.5, 15, 9.5],
			"rotation": {"angle": -45, "axis": "y", "origin": [8, 8, 8]},
			"faces": {
				"north": {"uv": [0, 1, 1, 4], "texture": "#block"},
				"east": {"uv": [0, 1, 3, 4], "texture": "#block"},
				"south": {"uv": [2, 1, 3, 4], "texture": "#block"},
				"west": {"uv": [0, 1, 3, 4], "texture": "#block"},
				"up": {"uv": [0, 1, 3, 2], "rotation": 90, "texture": "#block"},
				"down": {"uv": [0, 3, 3, 4], "rotation": 270, "texture": "#block"}
			}
		},
		{
			"name": "cube7",
			"from": [7.5, 6, 6.5],
			"to": [8.5, 10, 9.5],
			"rotation": {"angle": -45, "axis": "y", "origin": [8, 8, 8]},
			"faces": {
				"north": {"uv": [0, 6, 1, 10], "texture": "#block"},
				"east": {"uv": [0, 6, 3, 10], "texture": "#block"},
				"south": {"uv": [2, 6, 3, 10], "texture": "#block"},
				"west": {"uv": [0, 6, 3, 10], "texture": "#block"},
				"up": {"uv": [0, 6, 3, 7], "rotation": 90, "texture": "#block"},
				"down": {"uv": [0, 9, 3, 10], "rotation": 270, "texture": "#block"}
			}
		},
		{
			"name": "cube8",
			"from": [6.5, 0, 7.5],
			"to": [7.5, 2, 8.5],
			"rotation": {"angle": -45, "axis": "y", "origin": [8, 8, 8]},
			"faces": {
				"east": {"uv": [3, 0, 4, 1], "texture": "#block"}
			}
		},
		{
			"name": "cube9",
			"from": [6.5, 14, 7.5],
			"to": [7.5, 16, 8.5],
			"rotation": {"angle": -45, "axis": "y", "origin": [8, 8, 8]},
			"faces": {
				"east": {"uv": [3, 0, 4, 1], "texture": "#block"}
			}
		},
		{
			"name": "cube9",
			"from": [6.5, 3, 7.5],
			"to": [7.5, 7, 8.5],
			"rotation": {"angle": -45, "axis": "y", "origin": [8, 8, 8]},
			"faces": {
				"east": {"uv": [3, 0, 4, 1], "texture": "#block"}
			}
		},
		{
			"name": "cube10",
			"from": [6.5, 9, 7.5],
			"to": [7.5, 13, 8.5],
			"rotation": {"angle": -45, "axis": "y", "origin": [8, 8, 8]},
			"faces": {
				"east": {"uv": [3, 0, 4, 1], "texture": "#block"}
			}
		},
		{
			"name": "cube9",
			"from": [8.5, 0, 7.5],
			"to": [9.5, 2, 8.5],
			"rotation": {"angle": -45, "axis": "y", "origin": [8, 8, 8]},
			"faces": {
				"west": {"uv": [3, 0, 4, 1], "texture": "#block"}
			}
		},
		{
			"name": "cube10",
			"from": [8.5, 14, 7.5],
			"to": [9.5, 16, 8.5],
			"rotation": {"angle": -45, "axis": "y", "origin": [8, 8, 8]},
			"faces": {
				"west": {"uv": [3, 0, 4, 1], "texture": "#block"}
			}
		},
		{
			"name": "cube10",
			"from": [8.5, 3, 7.5],
			"to": [9.5, 7, 8.5],
			"rotation": {"angle": -45, "axis": "y", "origin": [8, 8, 8]},
			"faces": {
				"west": {"uv": [3, 0, 4, 1], "texture": "#block"}
			}
		},
		{
			"name": "cube11",
			"from": [8.5, 9, 7.5],
			"to": [9.5, 13, 8.5],
			"rotation": {"angle": -45, "axis": "y", "origin": [8, 8, 8]},
			"faces": {
				"west": {"uv": [3, 0, 4, 1], "texture": "#block"}
			}
		},
		{
			"name": "cube10",
			"from": [7.5, 1, 6.5],
			"to": [8.5, 4, 7.5],
			"rotation": {"angle": -45, "axis": "y", "origin": [8, 8, 8]},
			"faces": {
				"south": {"uv": [3, 0, 4, 1], "texture": "#block"}
			}
		},
		{
			"name": "cube11",
			"from": [7.5, 6, 6.5],
			"to": [8.5, 10, 7.5],
			"rotation": {"angle": -45, "axis": "y", "origin": [8, 8, 8]},
			"faces": {
				"south": {"uv": [3, 0, 4, 1], "texture": "#block"}
			}
		},
		{
			"name": "cube12",
			"from": [7.5, 12, 6.5],
			"to": [8.5, 15, 7.5],
			"rotation": {"angle": -45, "axis": "y", "origin": [8, 8, 8]},
			"faces": {
				"south": {"uv": [3, 0, 4, 1], "texture": "#block"}
			}
		},
		{
			"name": "cube11",
			"from": [7.5, 1, 8.5],
			"to": [8.5, 4, 9.5],
			"rotation": {"angle": -45, "axis": "y", "origin": [8, 8, 8]},
			"faces": {
				"north": {"uv": [3, 0, 4, 1], "texture": "#block"}
			}
		},
		{
			"name": "cube12",
			"from": [7.5, 6, 8.5],
			"to": [8.5, 10, 9.5],
			"rotation": {"angle": -45, "axis": "y", "origin": [8, 8, 8]},
			"faces": {
				"north": {"uv": [3, 0, 4, 1], "texture": "#block"}
			}
		},
		{
			"name": "cube13",
			"from": [7.5, 12, 8.5],
			"to": [8.5, 15, 9.5],
			"rotation": {"angle": -45, "axis": "y", "origin": [8, 8, 8]},
			"faces": {
				"north": {"uv": [3, 0, 4, 1], "texture": "#block"}
			}
		}
	],
	"groups": [0, 1, 2, 3, 4, 5, 6,
		{
			"name": "Blanks",
			"origin": [8, 8, 8],
			"children": [7, 8, 9, 10, 11, 12, 13, 14, 15, 16, 17, 18, 19, 20]
		}
	]
}
