{   
    "ambientocclusion": false,
	"textures": {
		"texture": "block/dark_oak_trapdoor",
		"particle": "block/dark_oak_trapdoor"
	},
	"elements": [
		{
			"from": [2, 6, 13],
			"to": [14, 10, 16],
			"faces": {
				"north": {"uv": [2, 6, 14, 10], "texture": "#texture"},
				"east": {"uv": [1, 7, 2, 8], "rotation": 270, "texture": "#texture"},
				"south": {"uv": [2, 6, 14, 10], "texture": "#texture"},
				"west": {"uv": [0, 0, 1, 1], "rotation": 270, "texture": "#texture"},
				"up": {"uv": [0, 0, 1, 1], "texture": "#texture"},
				"down": {"uv": [0, 0, 1, 1], "rotation": 180, "texture": "#texture"}
			}
		},
		{
			"from": [6, 2, 13],
			"to": [10, 14, 16],
			"faces": {
				"north": {"uv": [6, 2, 10, 14], "texture": "#texture"},
				"east": {"uv": [1, 7, 2, 8], "rotation": 270, "texture": "#texture"},
				"south": {"uv": [6, 2, 10, 14], "texture": "#texture"},
				"west": {"uv": [0, 0, 1, 1], "rotation": 270, "texture": "#texture"},
				"up": {"uv": [0, 0, 1, 1], "texture": "#texture"},
				"down": {"uv": [0, 0, 1, 1], "rotation": 180, "texture": "#texture"}
			}
		},
		{
			"from": [0, 0, 13],
			"to": [2, 16, 16],
			"faces": {
				"north": {"uv": [14, 0, 16, 16], "texture": "#texture"},
				"east": {"uv": [1, 7, 2, 8], "rotation": 270, "texture": "#texture"},
				"south": {"uv": [0, 0, 2, 16], "texture": "#texture"},
				"west": {"uv": [0, 0, 1, 1], "rotation": 270, "texture": "#texture"},
				"up": {"uv": [0, 0, 1, 1], "texture": "#texture"},
				"down": {"uv": [0, 0, 1, 1], "rotation": 180, "texture": "#texture"}
			}
		},
		{
			"from": [14, 0, 13],
			"to": [16, 16, 16],
			"faces": {
				"north": {"uv": [0, 0, 2, 16], "texture": "#texture"},
				"east": {"uv": [0, 0, 1, 1], "rotation": 90, "texture": "#texture"},
				"south": {"uv": [14, 0, 16, 16], "texture": "#texture"},
				"west": {"uv": [1, 7, 2, 8], "rotation": 270, "texture": "#texture"},
				"up": {"uv": [0, 0, 1, 1], "texture": "#texture"},
				"down": {"uv": [0, 0, 1, 1], "rotation": 180, "texture": "#texture"}
			}
		},
		{
			"from": [2, 14, 13],
			"to": [14, 16, 16],
			"faces": {
				"north": {"uv": [2, 0, 14, 2], "texture": "#texture"},
				"south": {"uv": [2, 0, 14, 2], "texture": "#texture"},
				"up": {"uv": [0, 0, 1, 1], "texture": "#texture"},
				"down": {"uv": [0, 0, 1, 1], "rotation": 180, "texture": "#texture"}
			}
		},
		{
			"from": [2, 0, 13],
			"to": [14, 2, 16],
			"faces": {
				"north": {"uv": [2, 14, 14, 16], "texture": "#texture"},
				"south": {"uv": [2, 14, 14, 16], "texture": "#texture"},
				"up": {"uv": [0, 0, 1, 1], "texture": "#texture"},
				"down": {"uv": [0, 0, 1, 1], "rotation": 180, "texture": "#texture"}
			}
		},
		{
			"from": [2, 2, 14],
			"to": [14, 14, 15],
			"faces": {
				"north": {"uv": [2, 2, 14, 14], "texture": "#texture"},
				"south": {"uv": [2, 2, 14, 14], "texture": "#texture"}
			}
		}
	]
}
