{   
    "ambientocclusion": false,
	"textures": {
		"texture": "block/dark_oak_trapdoor",
		"particle": "block/dark_oak_trapdoor"
	},
	"elements": [
		{
			"from": [2, 13, 6],
			"to": [14, 16, 10],
			"faces": {
				"north": {"uv": [0, 0, 1, 1], "rotation": 180, "texture": "#texture"},
				"east": {"uv": [1, 7, 2, 8], "texture": "#texture"},
				"south": {"uv": [0, 0, 1, 1], "rotation": 180, "texture": "#texture"},
				"west": {"uv": [0, 0, 1, 1], "rotation": 180, "texture": "#texture"},
				"up": {"uv": [2, 6, 14, 10], "texture": "#texture"},
				"down": {"uv": [2, 6, 14, 10], "rotation": 180, "texture": "#texture"}
			}
		},
		{
			"from": [6, 13, 2],
			"to": [10, 16, 14],
			"faces": {
				"north": {"uv": [0, 0, 1, 1], "rotation": 180, "texture": "#texture"},
				"east": {"uv": [1, 7, 2, 8], "texture": "#texture"},
				"south": {"uv": [0, 0, 1, 1], "rotation": 180, "texture": "#texture"},
				"west": {"uv": [0, 0, 1, 1], "rotation": 180, "texture": "#texture"},
				"up": {"uv": [6, 2, 10, 14], "texture": "#texture"},
				"down": {"uv": [6, 2, 10, 14], "rotation": 180, "texture": "#texture"}
			}
		},
		{
			"from": [0, 13, 0],
			"to": [2, 16, 16],
			"faces": {
				"north": {"uv": [0, 0, 1, 1], "rotation": 180, "texture": "#texture"},
				"east": {"uv": [1, 7, 2, 8], "texture": "#texture"},
				"south": {"uv": [0, 0, 1, 1], "rotation": 180, "texture": "#texture"},
				"west": {"uv": [0, 0, 1, 1], "rotation": 180, "texture": "#texture"},
				"up": {"uv": [0, 0, 2, 16], "texture": "#texture"},
				"down": {"uv": [14, 0, 16, 16], "rotation": 180, "texture": "#texture"}
			}
		},
		{
			"from": [14, 13, 0],
			"to": [16, 16, 16],
			"faces": {
				"north": {"uv": [0, 0, 1, 1], "rotation": 180, "texture": "#texture"},
				"east": {"uv": [0, 0, 1, 1], "rotation": 180, "texture": "#texture"},
				"south": {"uv": [0, 0, 1, 1], "rotation": 180, "texture": "#texture"},
				"west": {"uv": [1, 7, 2, 8], "rotation": 180, "texture": "#texture"},
				"up": {"uv": [14, 0, 16, 16], "texture": "#texture"},
				"down": {"uv": [0, 0, 2, 16], "rotation": 180, "texture": "#texture"}
			}
		},
		{
			"from": [2, 13, 0],
			"to": [14, 16, 2],
			"faces": {
				"north": {"uv": [0, 0, 1, 1], "rotation": 180, "texture": "#texture"},
				"south": {"uv": [0, 0, 1, 1], "rotation": 180, "texture": "#texture"},
				"up": {"uv": [2, 0, 14, 2], "texture": "#texture"},
				"down": {"uv": [2, 0, 14, 2], "rotation": 180, "texture": "#texture"}
			}
		},
		{
			"from": [2, 13, 14],
			"to": [14, 16, 16],
			"faces": {
				"north": {"uv": [0, 0, 1, 1], "rotation": 180, "texture": "#texture"},
				"south": {"uv": [0, 0, 1, 1], "rotation": 180, "texture": "#texture"},
				"up": {"uv": [2, 14, 14, 16], "texture": "#texture"},
				"down": {"uv": [2, 14, 14, 16], "rotation": 180, "texture": "#texture"}
			}
		},
		{
			"from": [2, 14, 2],
			"to": [14, 15, 14],
			"faces": {
				"up": {"uv": [2, 2, 14, 14], "texture": "#texture"},
				"down": {"uv": [2, 2, 14, 14], "rotation": 180, "texture": "#texture"}
			}
		}
	]
}
