{
	"credit": "Made with Blockbench",
	"textures": {
		"block": "block/iron_door_top",
		"particle": "block/iron_door_top"
	},
	"elements": [
		{
			"from": [0, 0, 0],
			"to": [3, 5, 16],
			"faces": {
				"north": {"uv": [9, 0, 13, 1], "texture": "#block"},
				"east": {"uv": [0, 16, 16, 11], "rotation": 180, "texture": "#block"},
				"south": {"uv": [9, 0, 13, 1], "texture": "#block"},
				"west": {"uv": [0, 11, 16, 16], "texture": "#block"},
				"up": {"uv": [9, 0, 13, 1], "texture": "#block"}
			}
		},
		{
			"from": [0, 5, 0],
			"to": [3, 16, 3],
			"faces": {
				"north": {"uv": [9, 0, 13, 1], "texture": "#block"},
				"east": {"uv": [13, 0, 16, 12], "texture": "#block"},
				"south": {"uv": [9, 0, 13, 1], "texture": "#block"},
				"west": {"uv": [0, 0, 3, 11], "texture": "#block"},
				"up": {"uv": [9, 0, 13, 1], "texture": "#block"},
				"down": {"uv": [0, 0, 3, 3], "texture": "#missing"}
			}
		},
		{
			"from": [0, 5, 13],
			"to": [3, 16, 16],
			"faces": {
				"north": {"uv": [9, 0, 13, 1], "texture": "#block"},
				"east": {"uv": [16, 0, 13, 11], "texture": "#block"},
				"south": {"uv": [9, 0, 13, 1], "texture": "#block"},
				"west": {"uv": [13, 0, 16, 11], "texture": "#block"},
				"up": {"uv": [9, 0, 13, 1], "texture": "#block"},
				"down": {"uv": [0, 0, 3, 3], "texture": "#missing"}
			}
		},
		{
			"from": [0, 13, 3],
			"to": [3, 16, 13],
			"faces": {
				"north": {"uv": [0, 0, 3, 3], "texture": "#missing"},
				"east": {"uv": [3, 0, 13, 3], "texture": "#block"},
				"south": {"uv": [0, 0, 3, 3], "texture": "#missing"},
				"west": {"uv": [3, 0, 13, 3], "texture": "#block"},
				"up": {"uv": [9, 0, 13, 1], "texture": "#block"},
				"down": {"uv": [9, 0, 13, 1], "texture": "#block"}
			}
		},
		{
			"from": [0.75, 11, 7],
			"to": [2.25, 13, 9],
			"faces": {
				"north": {"uv": [9, 0, 13, 1], "texture": "#block"},
				"east": {"uv": [7, 3, 9, 5], "texture": "#block"},
				"south": {"uv": [9, 0, 13, 1], "texture": "#block"},
				"west": {"uv": [7, 3, 9, 5], "texture": "#block"},
				"up": {"uv": [0, 0, 3, 2], "texture": "#missing"},
				"down": {"uv": [0, 0, 3, 2], "texture": "#missing"}
			}
		},
		{
			"from": [0.75, 5, 7],
			"to": [2.25, 7, 9],
			"faces": {
				"north": {"uv": [9, 0, 13, 1], "texture": "#block"},
				"east": {"uv": [7, 3, 9, 5], "texture": "#block"},
				"south": {"uv": [9, 0, 13, 1], "texture": "#block"},
				"west": {"uv": [7, 9, 9, 11], "texture": "#block"},
				"up": {"uv": [0, 0, 3, 2], "texture": "#missing"},
				"down": {"uv": [0, 0, 3, 2], "texture": "#missing"}
			}
		},
		{
			"from": [0.75, 8, 3],
			"to": [2.25, 10, 6],
			"faces": {
				"north": {"uv": [0, 0, 3, 2], "texture": "#missing"},
				"east": {"uv": [3, 6, 6, 8], "texture": "#block"},
				"south": {"uv": [0, 0, 3, 2], "texture": "#missing"},
				"west": {"uv": [3, 6, 6, 8], "texture": "#block"},
				"up": {"uv": [9, 0, 13, 1], "texture": "#block"},
				"down": {"uv": [9, 0, 13, 1], "texture": "#block"}
			}
		},
		{
			"from": [0.75, 8, 10],
			"to": [2.25, 10, 13],
			"faces": {
				"north": {"uv": [0, 0, 3, 2], "texture": "#missing"},
				"east": {"uv": [3, 6, 6, 8], "texture": "#block"},
				"south": {"uv": [0, 0, 3, 2], "texture": "#missing"},
				"west": {"uv": [10, 6, 13, 8], "texture": "#block"},
				"up": {"uv": [9, 0, 13, 1], "texture": "#block"},
				"down": {"uv": [9, 0, 13, 1], "texture": "#block"}
			}
		},
		{
			"from": [0.25, 7, 6],
			"to": [2.75, 11, 10],
			"faces": {
				"north": {"uv": [9, 0, 13, 1], "texture": "#block"},
				"east": {"uv": [6, 5, 10, 9], "texture": "#block"},
				"south": {"uv": [9, 0, 13, 1], "texture": "#block"},
				"west": {"uv": [6, 5, 10, 9], "texture": "#block"},
				"up": {"uv": [9, 0, 13, 1], "texture": "#block"},
				"down": {"uv": [9, 0, 13, 1], "texture": "#block"}
			}
		},
		{
			"from": [-0.5, 0, 11],
			"to": [3.5, 4, 14],
			"faces": {
				"north": {"uv": [11, 12, 14, 16], "texture": "#block"},
				"east": {"uv": [11, 12, 14, 16], "texture": "#block"},
				"south": {"uv": [11, 12, 14, 16], "texture": "#block"},
				"west": {"uv": [11, 12, 14, 16], "texture": "#block"},
				"up": {"uv": [11, 12, 14, 16], "texture": "#block"}
			}
		},
		{
			"from": [-1.25, 0, 12],
			"to": [4.25, 1, 13],
			"faces": {
				"north": {"uv": [12, 13, 13, 14], "texture": "#block"},
				"east": {"uv": [12, 13, 13, 14], "texture": "#block"},
				"south": {"uv": [12, 13, 13, 14], "texture": "#block"},
				"west": {"uv": [12, 15, 13, 16], "texture": "#block"},
				"up": {"uv": [12, 13, 13, 14], "texture": "#block"},
				"down": {"uv": [12, 15, 13, 16], "texture": "#block"}
			}
		},
		{
			"from": [-1, 2, 12],
			"to": [4, 3, 13],
			"faces": {
				"north": {"uv": [12, 13, 13, 14], "texture": "#block"},
				"east": {"uv": [12, 13, 13, 14], "texture": "#block"},
				"south": {"uv": [12, 13, 13, 14], "texture": "#block"},
				"west": {"uv": [12, 15, 13, 16], "texture": "#block"},
				"up": {"uv": [12, 13, 13, 14], "texture": "#block"},
				"down": {"uv": [12, 13, 13, 14], "texture": "#block"}
			}
		},
		{
			"from": [-0.25, 0, -0.25],
			"to": [3.25, 1, 1],
			"faces": {
				"north": {"uv": [0, 5, 0.5, 6], "texture": "#block"},
				"east": {"uv": [0, 5, 0.5, 6], "texture": "#block"},
				"south": {"uv": [0, 5, 0.5, 6], "texture": "#block"},
				"west": {"uv": [0, 5, 0.5, 6], "texture": "#block"},
				"up": {"uv": [0, 5, 0.5, 6], "texture": "#block"}
			}
		},
		{
			"from": [-0.25, 11, -0.25],
			"to": [3.25, 12, 1],
			"faces": {
				"north": {"uv": [0, 5, 0.5, 6], "texture": "#block"},
				"east": {"uv": [0, 5, 0.5, 6], "texture": "#block"},
				"south": {"uv": [0, 5, 0.5, 6], "texture": "#block"},
				"west": {"uv": [0, 5, 0.5, 6], "texture": "#block"},
				"up": {"uv": [0, 5, 0.5, 6], "texture": "#block"},
				"down": {"uv": [0, 0, 3.5, 1.25], "texture": "#missing"}
			}
		},
		{
			"from": [-0.25, 10, -0.25],
			"to": [3.25, 11, 1],
			"faces": {
				"north": {"uv": [0, 5, 0.5, 6], "texture": "#block"},
				"east": {"uv": [0, 5, 0.5, 6], "texture": "#block"},
				"south": {"uv": [0, 5, 0.5, 6], "texture": "#block"},
				"west": {"uv": [0, 5, 0.5, 6], "texture": "#block"},
				"up": {"uv": [0, 5, 0.5, 6], "texture": "#block"},
				"down": {"uv": [0, 5, 0.5, 6], "texture": "#block"}
			}
		}
	]
}