{
	"textures": {
		"particle": "block/iron_bars",
		"texture": "block/iron_bars"
	},
	"elements": [
		{
			"name": "post",
			"from": [7, 0, 12],
			"to": [9, 16, 14],
			"faces": {
				"north": {"uv": [12, 0, 14, 16], "texture": "#texture"},
				"east": {"uv": [14, 0, 12, 16], "texture": "#texture"},
				"south": {"uv": [12, 0, 14, 16], "texture": "#texture"},
				"west": {"uv": [14, 0, 12, 16], "texture": "#texture"},
				"up": {"uv": [12, 0, 14, 2], "texture": "#texture"},
				"down": {"uv": [12, 14, 14, 16], "texture": "#texture"}
			}
		},
		{
			"name": "connecting_rod_upper",
			"from": [7.5, 7, 14],
			"to": [8.5, 9, 16],
			"faces": {
				"east": {"uv": [16, 7, 14, 9], "texture": "#texture"},
				"south": {"uv": [15, 7, 16, 9], "texture": "#texture"},
				"west": {"uv": [14, 7, 16, 9], "texture": "#texture"},
				"up": {"uv": [14, 7, 16, 8], "rotation": 90, "texture": "#texture"},
				"down": {"uv": [14, 8, 16, 9], "rotation": 270, "texture": "#texture"}
			}
		},
		{
			"name": "connecting_rod_lower",
			"from": [7.5, 2, 9],
			"to": [8.5, 4, 12],
			"faces": {
				"north": {"uv": [2, 0, 3, 2], "texture": "#texture"},
				"east": {"uv": [12, 12, 9, 14], "texture": "#texture"},
				"west": {"uv": [9, 12, 12, 14], "texture": "#texture"},
				"up": {"uv": [9, 12, 12, 13], "rotation": 90, "texture": "#texture"},
				"down": {"uv": [9, 13, 12, 14], "rotation": 270, "texture": "#texture"}
			}
		}
	]
}