{
	"textures": {
		"texture": "block/jungle_trapdoor",
		"particle": "block/jungle_trapdoor"
	},
	"elements": [
		{
			"from": [0, 0, 0],
			"to": [16, 3, 4],
			"rotation": {"angle": 0, "axis": "x", "origin": [8, -5, 8]},
			"faces": {
				"north": {"uv": [1, 1, 2, 2], "texture": "#texture"},
				"east": {"uv": [1, 1, 2, 2], "rotation": 270, "texture": "#texture"},
				"south": {"uv": [0, 2, 16, 3], "rotation": 180, "texture": "#texture"},
				"west": {"uv": [1, 1, 2, 2], "rotation": 90, "texture": "#texture"},
				"up": {"uv": [0, 12, 16, 16], "rotation": 180, "texture": "#texture"},
				"down": {"uv": [0, 12, 16, 16], "texture": "#texture"}
			}
		},
		{
			"from": [0, 0, 13],
			"to": [16, 3, 16],
			"rotation": {"angle": 0, "axis": "x", "origin": [8, -5, 8]},
			"faces": {
				"north": {"uv": [0, 12, 16, 13], "texture": "#texture"},
				"east": {"uv": [1, 1, 2, 2], "rotation": 270, "texture": "#texture"},
				"south": {"uv": [1, 1, 2, 2], "rotation": 180, "texture": "#texture"},
				"west": {"uv": [1, 1, 2, 2], "rotation": 90, "texture": "#texture"},
				"up": {"uv": [0, 0, 16, 3], "rotation": 180, "texture": "#texture"},
				"down": {"uv": [0, 0, 16, 3], "texture": "#texture"}
			}
		},
		{
			"from": [5, -0.5, 1],
			"to": [11, 3.5, 2],
			"rotation": {"angle": 0, "axis": "x", "origin": [8, -5, 8]},
			"faces": {
				"north": {"uv": [11, 14, 5, 15], "texture": "#texture"},
				"east": {"uv": [5, 14, 6, 15], "rotation": 270, "texture": "#texture"},
				"south": {"uv": [11, 14, 5, 15], "rotation": 180, "texture": "#texture"},
				"west": {"uv": [5, 14, 6, 15], "rotation": 90, "texture": "#texture"},
				"up": {"uv": [11, 14, 5, 15], "rotation": 180, "texture": "#texture"},
				"down": {"uv": [5, 14, 11, 15], "texture": "#texture"}
			}
		},
		{
			"from": [4, 0.5, 7],
			"to": [12, 2.5, 9],
			"rotation": {"angle": 0, "axis": "x", "origin": [8, -5, 8]},
			"faces": {
				"north": {"uv": [4, 8, 12, 9], "texture": "#texture"},
				"south": {"uv": [4, 7, 12, 8], "rotation": 180, "texture": "#texture"},
				"up": {"uv": [4, 7, 12, 9], "rotation": 180, "texture": "#texture"},
				"down": {"uv": [4, 7, 12, 9], "texture": "#texture"}
			}
		},
		{
			"from": [0, 0, 4],
			"to": [4, 3, 13],
			"rotation": {"angle": 0, "axis": "x", "origin": [8, -5, 8]},
			"faces": {
				"north": {"uv": [0, 0, 1, 1], "texture": "#texture"},
				"east": {"uv": [3, 3, 4, 12], "rotation": 270, "texture": "#texture"},
				"south": {"uv": [0, 0, 1, 1], "rotation": 180, "texture": "#texture"},
				"west": {"uv": [1, 1, 2, 2], "rotation": 90, "texture": "#texture"},
				"up": {"uv": [12, 3, 16, 12], "rotation": 180, "texture": "#texture"},
				"down": {"uv": [0, 3, 4, 12], "texture": "#texture"}
			}
		},
		{
			"from": [12, 0, 4],
			"to": [16, 3, 13],
			"rotation": {"angle": 0, "axis": "x", "origin": [8, -5, 8]},
			"faces": {
				"north": {"uv": [0, 0, 1, 1], "texture": "#texture"},
				"east": {"uv": [1, 1, 2, 2], "rotation": 270, "texture": "#texture"},
				"south": {"uv": [0, 0, 1, 1], "rotation": 180, "texture": "#texture"},
				"west": {"uv": [12, 3, 13, 12], "rotation": 90, "texture": "#texture"},
				"up": {"uv": [0, 3, 4, 12], "rotation": 180, "texture": "#texture"},
				"down": {"uv": [12, 3, 16, 12], "texture": "#texture"}
			}
		},
		{
			"from": [6, 0.5, 4],
			"to": [7, 2.5, 13],
			"rotation": {"angle": 0, "axis": "x", "origin": [8, -5, 8]},
			"faces": {
				"east": {"uv": [6, 1, 7, 12], "rotation": 270, "texture": "#texture"},
				"west": {"uv": [6, 1, 7, 12], "rotation": 90, "texture": "#texture"},
				"up": {"uv": [6, 1, 7, 12], "rotation": 180, "texture": "#texture"},
				"down": {"uv": [6, 1, 7, 12], "texture": "#texture"}
			}
		},
		{
			"from": [9, 0.5, 4],
			"to": [10, 2.5, 13],
			"rotation": {"angle": 0, "axis": "x", "origin": [8, -5, 8]},
			"faces": {
				"east": {"uv": [9, 1, 10, 12], "rotation": 270, "texture": "#texture"},
				"west": {"uv": [9, 1, 10, 12], "rotation": 90, "texture": "#texture"},
				"up": {"uv": [9, 1, 10, 12], "rotation": 180, "texture": "#texture"},
				"down": {"uv": [9, 1, 10, 12], "texture": "#texture"}
			}
		},
		{
			"from": [11, 0, 11],
			"to": [12, 3, 12],
			"rotation": {"angle": 0, "axis": "x", "origin": [8, -5, 8]},
			"faces": {
				"north": {"uv": [0, 0, 1, 1], "texture": "#texture"},
				"east": {"uv": [0, 0, 1, 1], "rotation": 270, "texture": "#texture"},
				"south": {"uv": [0, 0, 1, 1], "rotation": 180, "texture": "#texture"},
				"west": {"uv": [0, 0, 1, 1], "rotation": 90, "texture": "#texture"},
				"up": {"uv": [0, 0, 1, 1], "rotation": 180, "texture": "#texture"},
				"down": {"uv": [0, 0, 1, 1], "texture": "#texture"}
			}
		},
		{
			"from": [11, 0, 12],
			"to": [12, 3, 13],
			"rotation": {"angle": 0, "axis": "x", "origin": [8, -5, 8]},
			"faces": {
				"north": {"uv": [4, 3, 5, 4], "texture": "#texture"},
				"east": {"uv": [4, 3, 5, 4], "rotation": 270, "texture": "#texture"},
				"south": {"uv": [0, 0, 1, 1], "rotation": 180, "texture": "#texture"},
				"west": {"uv": [4, 3, 5, 4], "rotation": 90, "texture": "#texture"},
				"up": {"uv": [4, 3, 5, 4], "rotation": 180, "texture": "#texture"},
				"down": {"uv": [4, 3, 5, 4], "texture": "#texture"}
			}
		},
		{
			"from": [10, 0, 12],
			"to": [11, 3, 13],
			"rotation": {"angle": 0, "axis": "x", "origin": [8, -5, 8]},
			"faces": {
				"north": {"uv": [0, 0, 1, 1], "texture": "#texture"},
				"east": {"uv": [0, 0, 1, 1], "rotation": 270, "texture": "#texture"},
				"south": {"uv": [0, 0, 1, 1], "rotation": 180, "texture": "#texture"},
				"west": {"uv": [0, 0, 1, 1], "rotation": 90, "texture": "#texture"},
				"up": {"uv": [0, 0, 1, 1], "rotation": 180, "texture": "#texture"},
				"down": {"uv": [0, 0, 1, 1], "texture": "#texture"}
			}
		},
		{
			"from": [4, 0, 11],
			"to": [5, 3, 12],
			"rotation": {"angle": 0, "axis": "x", "origin": [8, -5, 8]},
			"faces": {
				"north": {"uv": [0, 0, 1, 1], "texture": "#texture"},
				"east": {"uv": [0, 0, 1, 1], "rotation": 270, "texture": "#texture"},
				"south": {"uv": [0, 0, 1, 1], "rotation": 180, "texture": "#texture"},
				"west": {"uv": [0, 0, 1, 1], "rotation": 90, "texture": "#texture"},
				"up": {"uv": [0, 0, 1, 1], "rotation": 180, "texture": "#texture"},
				"down": {"uv": [0, 0, 1, 1], "texture": "#texture"}
			}
		},
		{
			"from": [4, 0, 12],
			"to": [5, 3, 13],
			"rotation": {"angle": 0, "axis": "x", "origin": [8, -5, 8]},
			"faces": {
				"north": {"uv": [4, 3, 5, 4], "texture": "#texture"},
				"east": {"uv": [4, 3, 5, 4], "rotation": 270, "texture": "#texture"},
				"south": {"uv": [0, 0, 1, 1], "rotation": 180, "texture": "#texture"},
				"west": {"uv": [4, 3, 5, 4], "rotation": 90, "texture": "#texture"},
				"up": {"uv": [4, 3, 5, 4], "rotation": 180, "texture": "#texture"},
				"down": {"uv": [4, 3, 5, 4], "texture": "#texture"}
			}
		},
		{
			"from": [5, 0, 12],
			"to": [6, 3, 13],
			"rotation": {"angle": 0, "axis": "x", "origin": [8, -5, 8]},
			"faces": {
				"north": {"uv": [0, 0, 1, 1], "texture": "#texture"},
				"east": {"uv": [0, 0, 1, 1], "rotation": 270, "texture": "#texture"},
				"south": {"uv": [0, 0, 1, 1], "rotation": 180, "texture": "#texture"},
				"west": {"uv": [0, 0, 1, 1], "rotation": 90, "texture": "#texture"},
				"up": {"uv": [0, 0, 1, 1], "rotation": 180, "texture": "#texture"},
				"down": {"uv": [0, 0, 1, 1], "texture": "#texture"}
			}
		},
		{
			"from": [4, -0.25, 14.75],
			"to": [6, 3.25, 16.25],
			"rotation": {"angle": 0, "axis": "x", "origin": [8, -5, 8]},
			"faces": {
				"north": {"uv": [7, 14, 8, 15], "rotation": 180, "texture": "#texture"},
				"east": {"uv": [7, 14, 8, 15], "rotation": 90, "texture": "#texture"},
				"south": {"uv": [5, 14, 7, 15], "texture": "#texture"},
				"west": {"uv": [7, 14, 8, 15], "rotation": 270, "texture": "#texture"},
				"up": {"uv": [5, 14, 7, 15], "texture": "#texture"},
				"down": {"uv": [9, 14, 11, 15], "rotation": 180, "texture": "#texture"}
			}
		},
		{
			"from": [10, -0.25, 14.75],
			"to": [12, 3.25, 16.25],
			"rotation": {"angle": 0, "axis": "x", "origin": [8, -5, 8]},
			"faces": {
				"north": {"uv": [7, 14, 8, 15], "rotation": 180, "texture": "#texture"},
				"east": {"uv": [7, 14, 8, 15], "rotation": 90, "texture": "#texture"},
				"south": {"uv": [9, 14, 11, 15], "texture": "#texture"},
				"west": {"uv": [7, 14, 8, 15], "rotation": 270, "texture": "#texture"},
				"up": {"uv": [9, 14, 11, 15], "texture": "#texture"},
				"down": {"uv": [5, 14, 7, 15], "rotation": 180, "texture": "#texture"}
			}
		}
	],
	"display": {
		"thirdperson_righthand": {
			"rotation": [68, -45, 0],
			"translation": [0, 3.25, 1.75],
			"scale": [0.4, 0.4, 0.4]
		},
		"thirdperson_lefthand": {
			"rotation": [68, -45, 0],
			"translation": [0, 3.25, 1.75],
			"scale": [0.4, 0.4, 0.4]
		},
		"firstperson_righthand": {
			"rotation": [6, 36, 0],
			"translation": [1, 2.5, -1.5],
			"scale": [0.6, 0.6, 0.6]
		},
		"firstperson_lefthand": {
			"rotation": [6, 36, 0],
			"translation": [1, 2.5, -1.5],
			"scale": [0.6, 0.6, 0.6]
		},
		"ground": {
			"translation": [0, 2.5, 0],
			"scale": [0.25, 0.25, 0.25]
		},
		"gui": {
			"rotation": [28, 45, 0],
			"scale": [0.6, 0.6, 0.6]
		},
		"head": {
			"rotation": [90, 0, 0]
		},
		"fixed": {
			"scale": [0.5, 0.5, 0.5]
		}
	}
}