{   
    "ambientocclusion": false,
	"textures": {
		"texture": "block/jungle_trapdoor",
		"particle": "block/jungle_trapdoor"
	},
	"elements": [
		{
			"from": [0, 12, 13],
			"to": [16, 16, 16],
			"faces": {
				"north": {"uv": [0, 12, 16, 16], "rotation": 180, "texture": "#texture"},
				"east": {"uv": [1, 1, 2, 2], "rotation": 180, "texture": "#texture"},
				"south": {"uv": [0, 12, 16, 16], "rotation": 180, "texture": "#texture"},
				"west": {"uv": [1, 1, 2, 2], "rotation": 180, "texture": "#texture"},
				"up": {"uv": [1, 1, 2, 2], "rotation": 180, "texture": "#texture"},
				"down": {"uv": [0, 2, 16, 3], "rotation": 180, "texture": "#texture"}
			}
		},
		{
			"from": [0, 0, 13],
			"to": [16, 3, 16],
			"faces": {
				"north": {"uv": [0, 0, 16, 3], "rotation": 180, "texture": "#texture"},
				"east": {"uv": [1, 1, 2, 2], "rotation": 180, "texture": "#texture"},
				"south": {"uv": [0, 0, 16, 3], "rotation": 180, "texture": "#texture"},
				"west": {"uv": [1, 1, 2, 2], "rotation": 180, "texture": "#texture"},
				"up": {"uv": [0, 12, 16, 13], "rotation": 180, "texture": "#texture"},
				"down": {"uv": [1, 1, 2, 2], "rotation": 180, "texture": "#texture"}
			}
		},
		{
			"from": [5, 14, 12.5],
			"to": [11, 15, 16.5],
			"faces": {
				"north": {"uv": [5, 14, 11, 15], "rotation": 180, "texture": "#texture"},
				"east": {"uv": [5, 14, 6, 15], "rotation": 180, "texture": "#texture"},
				"south": {"uv": [11, 14, 5, 15], "rotation": 180, "texture": "#texture"},
				"west": {"uv": [5, 14, 6, 15], "rotation": 180, "texture": "#texture"},
				"up": {"uv": [11, 14, 5, 15], "rotation": 180, "texture": "#texture"},
				"down": {"uv": [11, 14, 5, 15], "rotation": 180, "texture": "#texture"}
			}
		},
		{
			"from": [4, 7, 13.5],
			"to": [12, 9, 15.5],
			"rotation": {"angle": 0, "axis": "y", "origin": [8, 8, 9]},
			"faces": {
				"north": {"uv": [4, 7, 12, 9], "rotation": 180, "texture": "#texture"},
				"south": {"uv": [4, 7, 12, 9], "rotation": 180, "texture": "#texture"},
				"up": {"uv": [4, 8, 12, 9], "rotation": 180, "texture": "#texture"},
				"down": {"uv": [4, 7, 12, 8], "rotation": 180, "texture": "#texture"}
			}
		},
		{
			"from": [0, 3, 13],
			"to": [4, 12, 16],
			"faces": {
				"north": {"uv": [0, 3, 4, 12], "rotation": 180, "texture": "#texture"},
				"east": {"uv": [3, 3, 4, 12], "rotation": 180, "texture": "#texture"},
				"south": {"uv": [12, 3, 16, 12], "rotation": 180, "texture": "#texture"},
				"west": {"uv": [1, 1, 2, 2], "rotation": 180, "texture": "#texture"},
				"up": {"uv": [0, 0, 1, 1], "rotation": 180, "texture": "#texture"},
				"down": {"uv": [0, 0, 1, 1], "rotation": 180, "texture": "#texture"}
			}
		},
		{
			"from": [12, 3, 13],
			"to": [16, 12, 16],
			"faces": {
				"north": {"uv": [12, 3, 16, 12], "rotation": 180, "texture": "#texture"},
				"east": {"uv": [1, 1, 2, 2], "rotation": 180, "texture": "#texture"},
				"south": {"uv": [0, 3, 4, 12], "rotation": 180, "texture": "#texture"},
				"west": {"uv": [12, 3, 13, 12], "rotation": 180, "texture": "#texture"},
				"up": {"uv": [0, 0, 1, 1], "rotation": 180, "texture": "#texture"},
				"down": {"uv": [0, 0, 1, 1], "rotation": 180, "texture": "#texture"}
			}
		},
		{
			"from": [6, 3, 13.5],
			"to": [7, 12, 15.5],
			"rotation": {"angle": 0, "axis": "y", "origin": [8, 8, 9]},
			"faces": {
				"north": {"uv": [6, 1, 7, 12], "rotation": 180, "texture": "#texture"},
				"east": {"uv": [6, 1, 7, 12], "rotation": 180, "texture": "#texture"},
				"south": {"uv": [6, 1, 7, 12], "rotation": 180, "texture": "#texture"},
				"west": {"uv": [6, 1, 7, 12], "rotation": 180, "texture": "#texture"}
			}
		},
		{
			"from": [9, 3, 13.5],
			"to": [10, 12, 15.5],
			"rotation": {"angle": 0, "axis": "y", "origin": [8, 8, 9]},
			"faces": {
				"north": {"uv": [9, 1, 10, 12], "rotation": 180, "texture": "#texture"},
				"east": {"uv": [9, 1, 10, 12], "rotation": 180, "texture": "#texture"},
				"south": {"uv": [9, 1, 10, 12], "rotation": 180, "texture": "#texture"},
				"west": {"uv": [9, 1, 10, 12], "rotation": 180, "texture": "#texture"}
			}
		},
		{
			"from": [11, 4, 13],
			"to": [12, 5, 16],
			"faces": {
				"north": {"uv": [0, 0, 1, 1], "rotation": 180, "texture": "#texture"},
				"east": {"uv": [0, 0, 1, 1], "rotation": 180, "texture": "#texture"},
				"south": {"uv": [0, 0, 1, 1], "rotation": 180, "texture": "#texture"},
				"west": {"uv": [0, 0, 1, 1], "rotation": 180, "texture": "#texture"},
				"up": {"uv": [0, 0, 1, 1], "rotation": 180, "texture": "#texture"},
				"down": {"uv": [0, 0, 1, 1], "rotation": 180, "texture": "#texture"}
			}
		},
		{
			"from": [11, 3, 13],
			"to": [12, 4, 16],
			"faces": {
				"north": {"uv": [4, 3, 5, 4], "rotation": 180, "texture": "#texture"},
				"east": {"uv": [4, 3, 5, 4], "rotation": 180, "texture": "#texture"},
				"south": {"uv": [4, 3, 5, 4], "rotation": 180, "texture": "#texture"},
				"west": {"uv": [4, 3, 5, 4], "rotation": 180, "texture": "#texture"},
				"up": {"uv": [4, 3, 5, 4], "rotation": 180, "texture": "#texture"},
				"down": {"uv": [0, 0, 1, 1], "rotation": 180, "texture": "#texture"}
			}
		},
		{
			"from": [10, 3, 13],
			"to": [11, 4, 16],
			"faces": {
				"north": {"uv": [0, 0, 1, 1], "rotation": 180, "texture": "#texture"},
				"east": {"uv": [0, 0, 1, 1], "rotation": 180, "texture": "#texture"},
				"south": {"uv": [0, 0, 1, 1], "rotation": 180, "texture": "#texture"},
				"west": {"uv": [0, 0, 1, 1], "rotation": 180, "texture": "#texture"},
				"up": {"uv": [0, 0, 1, 1], "rotation": 180, "texture": "#texture"},
				"down": {"uv": [0, 0, 1, 1], "rotation": 180, "texture": "#texture"}
			}
		},
		{
			"from": [4, 4, 13],
			"to": [5, 5, 16],
			"faces": {
				"north": {"uv": [0, 0, 1, 1], "rotation": 180, "texture": "#texture"},
				"east": {"uv": [0, 0, 1, 1], "rotation": 180, "texture": "#texture"},
				"south": {"uv": [0, 0, 1, 1], "rotation": 180, "texture": "#texture"},
				"west": {"uv": [0, 0, 1, 1], "rotation": 180, "texture": "#texture"},
				"up": {"uv": [0, 0, 1, 1], "rotation": 180, "texture": "#texture"},
				"down": {"uv": [0, 0, 1, 1], "rotation": 180, "texture": "#texture"}
			}
		},
		{
			"from": [4, 3, 13],
			"to": [5, 4, 16],
			"faces": {
				"north": {"uv": [4, 3, 5, 4], "rotation": 180, "texture": "#texture"},
				"east": {"uv": [4, 3, 5, 4], "rotation": 180, "texture": "#texture"},
				"south": {"uv": [4, 3, 5, 4], "rotation": 180, "texture": "#texture"},
				"west": {"uv": [4, 3, 5, 4], "rotation": 180, "texture": "#texture"},
				"up": {"uv": [4, 3, 5, 4], "rotation": 180, "texture": "#texture"},
				"down": {"uv": [0, 0, 1, 1], "rotation": 180, "texture": "#texture"}
			}
		},
		{
			"from": [5, 3, 13],
			"to": [6, 4, 16],
			"faces": {
				"north": {"uv": [0, 0, 1, 1], "rotation": 180, "texture": "#texture"},
				"east": {"uv": [0, 0, 1, 1], "rotation": 180, "texture": "#texture"},
				"south": {"uv": [0, 0, 1, 1], "rotation": 180, "texture": "#texture"},
				"west": {"uv": [0, 0, 1, 1], "rotation": 180, "texture": "#texture"},
				"up": {"uv": [0, 0, 1, 1], "rotation": 180, "texture": "#texture"},
				"down": {"uv": [0, 0, 1, 1], "rotation": 180, "texture": "#texture"}
			}
		},
		{
			"from": [4, -0.25, 12.75],
			"to": [6, 1.25, 16.25],
			"faces": {
				"north": {"uv": [9, 14, 11, 15], "texture": "#texture"},
				"east": {"uv": [7, 14, 8, 15], "texture": "#texture"},
				"south": {"uv": [5, 14, 7, 15], "texture": "#texture"},
				"west": {"uv": [7, 14, 8, 15], "texture": "#texture"},
				"up": {"uv": [7, 14, 8, 15], "texture": "#texture"},
				"down": {"uv": [5, 14, 7, 15], "texture": "#texture"}
			}
		},
		{
			"from": [10, -0.25, 12.75],
			"to": [12, 1.25, 16.25],
			"faces": {
				"north": {"uv": [5, 14, 7, 15], "texture": "#texture"},
				"east": {"uv": [7, 14, 8, 15], "texture": "#texture"},
				"south": {"uv": [9, 14, 11, 15], "texture": "#texture"},
				"west": {"uv": [7, 14, 8, 15], "texture": "#texture"},
				"up": {"uv": [7, 14, 8, 15], "texture": "#texture"},
				"down": {"uv": [9, 14, 11, 15], "texture": "#texture"}
			}
		}
	]
}
