{
	"ambientocclusion": false,
	"textures": {
		"0": "block/oak_trapdoor",
		"particle": "block/oak_trapdoor"
	},
	"elements": [
		{
			"from": [0, 13, 1],
			"to": [1, 16, 15],
			"faces": {
				"north": {"uv": [0, 0, 1, 3], "texture": "#missing"},
				"east": {"uv": [0, 0, 14, 1], "texture": "#0"},
				"south": {"uv": [0, 0, 1, 3], "texture": "#missing"},
				"west": {"uv": [0, 0, 14, 1], "texture": "#0"},
				"up": {"uv": [0, 0, 1, 14], "texture": "#0"},
				"down": {"uv": [0, 0, 1, 14], "texture": "#0"}
			}
		},
		{
			"from": [0, 13, 0],
			"to": [16, 16, 1],
			"faces": {
				"north": {"uv": [0, 0, 16, 1], "texture": "#0"},
				"east": {"uv": [0, 0, 1, 3], "texture": "#0"},
				"south": {"uv": [0, 0, 14, 1], "texture": "#0"},
				"west": {"uv": [0, 0, 1, 3], "texture": "#0"},
				"up": {"uv": [0, 0, 16, 1], "texture": "#0"},
				"down": {"uv": [0, 0, 16, 1], "texture": "#0"}
			}
		},
		{
			"from": [15, 13, 1],
			"to": [16, 16, 15],
			"faces": {
				"north": {"uv": [0, 0, 1, 3], "texture": "#missing"},
				"east": {"uv": [0, 0, 16, 1], "texture": "#0"},
				"south": {"uv": [0, 0, 1, 3], "texture": "#missing"},
				"west": {"uv": [0, 0, 14, 1], "texture": "#0"},
				"up": {"uv": [0, 0, 1, 14], "texture": "#0"},
				"down": {"uv": [0, 0, 1, 14], "texture": "#0"}
			}
		},
		{
			"from": [0, 13, 15],
			"to": [16, 16, 16],
			"faces": {
				"north": {"uv": [0, 0, 16, 1], "texture": "#0"},
				"east": {"uv": [0, 0, 16, 1], "texture": "#0"},
				"south": {"uv": [0, 0, 16, 1], "texture": "#0"},
				"west": {"uv": [0, 0, 16, 1], "texture": "#0"},
				"up": {"uv": [0, 0, 16, 1], "texture": "#0"},
				"down": {"uv": [0, 0, 16, 1], "texture": "#0"}
			}
		},
		{
			"from": [1, 13, 2],
			"to": [2, 16, 14],
			"faces": {
				"north": {"uv": [0, 0, 1, 2.5], "texture": "#missing"},
				"east": {"uv": [1, 2, 13, 4.5], "texture": "#0"},
				"south": {"uv": [0, 0, 1, 2.5], "texture": "#missing"},
				"west": {"uv": [0, 0, 12, 2.5], "texture": "#missing"},
				"up": {"uv": [1, 2, 2, 14], "texture": "#0"},
				"down": {"uv": [1, 2, 2, 14], "texture": "#0"}
			}
		},
		{
			"from": [1, 13, 1],
			"to": [15, 16, 2],
			"faces": {
				"north": {"uv": [0, 0, 14, 2.5], "texture": "#missing"},
				"east": {"uv": [0, 0, 1, 2.5], "texture": "#missing"},
				"south": {"uv": [1, 2, 15, 4.5], "texture": "#0"},
				"west": {"uv": [0, 0, 1, 2.5], "texture": "#missing"},
				"up": {"uv": [1, 1, 15, 2], "texture": "#0"},
				"down": {"uv": [1, 1, 15, 2], "texture": "#0"}
			}
		},
		{
			"from": [14, 13, 2],
			"to": [15, 16, 14],
			"faces": {
				"north": {"uv": [0, 0, 1, 2.5], "texture": "#missing"},
				"east": {"uv": [0, 0, 12, 2.5], "texture": "#missing"},
				"south": {"uv": [0, 0, 1, 2.5], "texture": "#missing"},
				"west": {"uv": [1, 2, 2, 14], "texture": "#0"},
				"up": {"uv": [1, 2, 2, 14], "texture": "#0"},
				"down": {"uv": [1, 2, 2, 14], "texture": "#0"}
			}
		},
		{
			"from": [1, 13, 14],
			"to": [15, 16, 15],
			"faces": {
				"north": {"uv": [1, 2, 15, 4.5], "texture": "#0"},
				"east": {"uv": [0, 0, 1, 2.5], "texture": "#missing"},
				"south": {"uv": [0, 0, 14, 2.5], "texture": "#missing"},
				"west": {"uv": [0, 0, 1, 2.5], "texture": "#missing"},
				"up": {"uv": [1, 1, 15, 2], "texture": "#0"},
				"down": {"uv": [1, 1, 15, 2], "texture": "#0"}
			}
		},
		{
			"from": [7, 13.25, 5],
			"to": [9, 15.75, 6],
			"faces": {
				"north": {"uv": [0, 0, 2, 1.5], "texture": "#missing"},
				"east": {"uv": [0, 0, 1, 1.5], "texture": "#missing"},
				"south": {"uv": [0, 4, 1, 5.5], "texture": "#0"},
				"west": {"uv": [0, 0, 1, 1.5], "texture": "#missing"},
				"up": {"uv": [7, 5, 9, 6], "texture": "#0"},
				"down": {"uv": [0, 4, 1, 5.5], "texture": "#0"}
			}
		},
		{
			"from": [6, 13.25, 6],
			"to": [7, 15.75, 7],
			"faces": {
				"north": {"uv": [0, 0, 1, 1.5], "texture": "#missing"},
				"east": {"uv": [7, 5, 9, 6], "rotation": 270, "texture": "#0"},
				"south": {"uv": [7, 5, 9, 6], "rotation": 270, "texture": "#0"},
				"west": {"uv": [0, 0, 2, 1.5], "texture": "#missing"},
				"up": {"uv": [7, 5, 9, 6], "rotation": 270, "texture": "#0"},
				"down": {"uv": [0, 4, 1, 5.5], "texture": "#0"}
			}
		},
		{
			"from": [5, 13.25, 7],
			"to": [6, 15.75, 9],
			"faces": {
				"north": {"uv": [0, 0, 1, 1.5], "texture": "#missing"},
				"east": {"uv": [7, 5, 9, 6], "rotation": 270, "texture": "#0"},
				"south": {"uv": [0, 0, 1, 1.5], "texture": "#missing"},
				"west": {"uv": [0, 0, 2, 1.5], "texture": "#missing"},
				"up": {"uv": [7, 5, 9, 6], "rotation": 270, "texture": "#0"},
				"down": {"uv": [0, 4, 1, 5.5], "texture": "#0"}
			}
		},
		{
			"from": [6, 13.25, 9],
			"to": [7, 15.75, 10],
			"faces": {
				"north": {"uv": [7, 5, 9, 6], "rotation": 270, "texture": "#0"},
				"east": {"uv": [7, 5, 9, 6], "rotation": 270, "texture": "#0"},
				"south": {"uv": [0, 0, 1, 1.5], "texture": "#missing"},
				"west": {"uv": [0, 0, 2, 1.5], "texture": "#missing"},
				"up": {"uv": [7, 5, 9, 6], "rotation": 270, "texture": "#0"},
				"down": {"uv": [0, 4, 1, 5.5], "texture": "#0"}
			}
		},
		{
			"from": [7, 13.25, 10],
			"to": [9, 15.75, 11],
			"faces": {
				"north": {"uv": [7, 5, 9, 6], "rotation": 270, "texture": "#0"},
				"east": {"uv": [0, 0, 1, 1.5], "texture": "#missing"},
				"south": {"uv": [0, 0, 2, 1.5], "texture": "#missing"},
				"west": {"uv": [0, 0, 1, 1.5], "texture": "#missing"},
				"up": {"uv": [7, 5, 9, 6], "texture": "#0"},
				"down": {"uv": [0, 4, 1, 5.5], "texture": "#0"}
			}
		},
		{
			"from": [9, 13.25, 9],
			"to": [10, 15.75, 10],
			"faces": {
				"north": {"uv": [7, 5, 9, 6], "rotation": 270, "texture": "#0"},
				"east": {"uv": [0, 0, 2, 1.5], "texture": "#missing"},
				"south": {"uv": [0, 0, 1, 1.5], "texture": "#missing"},
				"west": {"uv": [7, 5, 9, 6], "rotation": 270, "texture": "#0"},
				"up": {"uv": [7, 5, 9, 6], "rotation": 270, "texture": "#0"},
				"down": {"uv": [0, 4, 1, 5.5], "texture": "#0"}
			}
		},
		{
			"from": [10, 13.25, 7],
			"to": [11, 15.75, 9],
			"faces": {
				"north": {"uv": [0, 0, 1, 1.5], "texture": "#missing"},
				"east": {"uv": [0, 0, 2, 1.5], "texture": "#missing"},
				"south": {"uv": [0, 0, 1, 1.5], "texture": "#missing"},
				"west": {"uv": [7, 5, 9, 6], "rotation": 270, "texture": "#0"},
				"up": {"uv": [7, 10, 9, 11], "rotation": 270, "texture": "#0"},
				"down": {"uv": [0, 4, 1, 5.5], "texture": "#0"}
			}
		},
		{
			"from": [9, 13.25, 6],
			"to": [10, 15.75, 7],
			"faces": {
				"north": {"uv": [0, 0, 1, 1.5], "texture": "#missing"},
				"east": {"uv": [0, 0, 2, 1.5], "texture": "#missing"},
				"south": {"uv": [7, 5, 9, 6], "rotation": 270, "texture": "#0"},
				"west": {"uv": [7, 5, 9, 6], "rotation": 270, "texture": "#0"},
				"up": {"uv": [7, 5, 9, 6], "rotation": 270, "texture": "#0"},
				"down": {"uv": [0, 4, 1, 5.5], "texture": "#0"}
			}
		},
		{
			"from": [6, 13, 5],
			"to": [7, 16, 6],
			"faces": {
				"north": {"uv": [7, 4, 8, 4.5], "texture": "#0"},
				"east": {"uv": [7, 4, 8, 4.5], "texture": "#0"},
				"south": {"uv": [7, 4, 8, 4.5], "texture": "#0"},
				"west": {"uv": [7, 4, 8, 4.5], "texture": "#0"},
				"up": {"uv": [7, 4, 8, 5], "texture": "#0"},
				"down": {"uv": [7, 4, 8, 5], "texture": "#0"}
			}
		},
		{
			"from": [7, 13, 4],
			"to": [8, 16, 5],
			"faces": {
				"north": {"uv": [7, 4, 8, 4.5], "texture": "#0"},
				"east": {"uv": [0, 0, 1, 2.5], "texture": "#missing"},
				"south": {"uv": [7, 4, 8, 4.5], "texture": "#0"},
				"west": {"uv": [7, 4, 8, 4.5], "texture": "#0"},
				"up": {"uv": [7, 4, 8, 5], "texture": "#0"},
				"down": {"uv": [7, 4, 8, 5], "texture": "#0"}
			}
		},
		{
			"from": [9, 13, 5],
			"to": [10, 16, 6],
			"faces": {
				"north": {"uv": [7, 4, 8, 4.5], "texture": "#0"},
				"east": {"uv": [7, 4, 8, 4.5], "texture": "#0"},
				"south": {"uv": [7, 4, 8, 4.5], "texture": "#0"},
				"west": {"uv": [7, 4, 8, 4.5], "texture": "#0"},
				"up": {"uv": [7, 4, 8, 5], "texture": "#0"},
				"down": {"uv": [7, 4, 8, 5], "texture": "#0"}
			}
		},
		{
			"from": [8, 13, 4],
			"to": [9, 16, 5],
			"faces": {
				"north": {"uv": [7, 4, 8, 4.5], "texture": "#0"},
				"east": {"uv": [7, 4, 8, 4.5], "texture": "#0"},
				"south": {"uv": [7, 4, 8, 4.5], "texture": "#0"},
				"west": {"uv": [0, 0, 1, 2.5], "texture": "#missing"},
				"up": {"uv": [7, 4, 8, 5], "texture": "#0"},
				"down": {"uv": [7, 4, 8, 5], "texture": "#0"}
			}
		},
		{
			"from": [10, 13, 6],
			"to": [11, 16, 7],
			"faces": {
				"north": {"uv": [7, 4, 8, 4.5], "texture": "#0"},
				"east": {"uv": [7, 4, 8, 4.5], "texture": "#0"},
				"south": {"uv": [7, 4, 8, 4.5], "texture": "#0"},
				"west": {"uv": [7, 4, 8, 4.5], "texture": "#0"},
				"up": {"uv": [7, 4, 8, 5], "texture": "#0"},
				"down": {"uv": [7, 4, 8, 5], "texture": "#0"}
			}
		},
		{
			"from": [11, 13, 7],
			"to": [12, 16, 8],
			"faces": {
				"north": {"uv": [7, 4, 8, 4.5], "texture": "#0"},
				"east": {"uv": [7, 4, 8, 4.5], "texture": "#0"},
				"south": {"uv": [0, 0, 1, 2.5], "texture": "#missing"},
				"west": {"uv": [7, 4, 8, 4.5], "texture": "#0"},
				"up": {"uv": [7, 4, 8, 5], "texture": "#0"},
				"down": {"uv": [7, 4, 8, 5], "texture": "#0"}
			}
		},
		{
			"from": [11, 13, 8],
			"to": [12, 16, 9],
			"faces": {
				"north": {"uv": [0, 0, 1, 2.5], "texture": "#missing"},
				"east": {"uv": [7, 4, 8, 4.5], "texture": "#0"},
				"south": {"uv": [7, 4, 8, 4.5], "texture": "#0"},
				"west": {"uv": [7, 4, 8, 4.5], "texture": "#0"},
				"up": {"uv": [7, 4, 8, 5], "texture": "#0"},
				"down": {"uv": [7, 4, 8, 5], "texture": "#0"}
			}
		},
		{
			"from": [10, 13, 9],
			"to": [11, 16, 10],
			"faces": {
				"north": {"uv": [7, 4, 8, 4.5], "texture": "#0"},
				"east": {"uv": [7, 4, 8, 4.5], "texture": "#0"},
				"south": {"uv": [7, 4, 8, 4.5], "texture": "#0"},
				"west": {"uv": [7, 4, 8, 4.5], "texture": "#0"},
				"up": {"uv": [7, 4, 8, 5], "texture": "#0"},
				"down": {"uv": [7, 4, 8, 5], "texture": "#0"}
			}
		},
		{
			"from": [9, 13, 10],
			"to": [10, 16, 11],
			"faces": {
				"north": {"uv": [7, 4, 8, 4.5], "texture": "#0"},
				"east": {"uv": [7, 4, 8, 4.5], "texture": "#0"},
				"south": {"uv": [7, 4, 8, 4.5], "texture": "#0"},
				"west": {"uv": [7, 4, 8, 4.5], "texture": "#0"},
				"up": {"uv": [7, 4, 8, 5], "texture": "#0"},
				"down": {"uv": [7, 4, 8, 5], "texture": "#0"}
			}
		},
		{
			"from": [8, 13, 11],
			"to": [9, 16, 12],
			"faces": {
				"north": {"uv": [7, 4, 8, 5], "texture": "#0"},
				"east": {"uv": [7, 4, 8, 4.5], "texture": "#0"},
				"south": {"uv": [7, 4, 8, 5], "texture": "#0"},
				"west": {"uv": [0, 0, 1, 2], "texture": "#missing"},
				"up": {"uv": [7, 4, 8, 5], "texture": "#0"},
				"down": {"uv": [7, 4, 8, 5], "texture": "#0"}
			}
		},
		{
			"from": [7, 13, 11],
			"to": [8, 16, 12],
			"faces": {
				"north": {"uv": [7, 4, 8, 4.5], "texture": "#0"},
				"east": {"uv": [0, 0, 1, 2.5], "texture": "#missing"},
				"south": {"uv": [7, 4, 8, 4.5], "texture": "#0"},
				"west": {"uv": [7, 4, 8, 4.5], "texture": "#0"},
				"up": {"uv": [7, 4, 8, 5], "texture": "#0"},
				"down": {"uv": [7, 4, 8, 5], "texture": "#0"}
			}
		},
		{
			"from": [6, 13, 10],
			"to": [7, 16, 11],
			"faces": {
				"north": {"uv": [7, 4, 8, 4.5], "texture": "#0"},
				"east": {"uv": [7, 4, 8, 4.5], "texture": "#0"},
				"south": {"uv": [7, 4, 8, 4.5], "texture": "#0"},
				"west": {"uv": [7, 4, 8, 4.5], "texture": "#0"},
				"up": {"uv": [7, 4, 8, 5], "texture": "#0"},
				"down": {"uv": [7, 4, 8, 5], "texture": "#0"}
			}
		},
		{
			"from": [5, 13, 9],
			"to": [6, 16, 10],
			"faces": {
				"north": {"uv": [7, 4, 8, 4.5], "texture": "#0"},
				"east": {"uv": [7, 4, 8, 4.5], "texture": "#0"},
				"south": {"uv": [7, 4, 8, 4.5], "texture": "#0"},
				"west": {"uv": [7, 4, 8, 4.5], "texture": "#0"},
				"up": {"uv": [7, 4, 8, 5], "texture": "#0"},
				"down": {"uv": [7, 4, 8, 5], "texture": "#0"}
			}
		},
		{
			"from": [4, 13, 8],
			"to": [5, 16, 9],
			"faces": {
				"north": {"uv": [0, 0, 1, 2.5], "texture": "#missing"},
				"east": {"uv": [7, 4, 8, 4.5], "texture": "#0"},
				"south": {"uv": [7, 4, 8, 4.5], "texture": "#0"},
				"west": {"uv": [7, 4, 8, 4.5], "texture": "#0"},
				"up": {"uv": [7, 4, 8, 5], "texture": "#0"},
				"down": {"uv": [7, 4, 8, 5], "texture": "#0"}
			}
		},
		{
			"from": [4, 13, 7],
			"to": [5, 16, 8],
			"faces": {
				"north": {"uv": [7, 4, 8, 4.5], "texture": "#0"},
				"east": {"uv": [7, 4, 8, 4.5], "texture": "#0"},
				"south": {"uv": [0, 0, 1, 2.5], "texture": "#missing"},
				"west": {"uv": [7, 4, 8, 4.5], "texture": "#0"},
				"up": {"uv": [7, 4, 8, 5], "texture": "#0"},
				"down": {"uv": [7, 4, 8, 5], "texture": "#0"}
			}
		},
		{
			"from": [5, 13, 6],
			"to": [6, 16, 7],
			"faces": {
				"north": {"uv": [7, 4, 8, 4.5], "texture": "#0"},
				"east": {"uv": [7, 4, 8, 4.5], "texture": "#0"},
				"south": {"uv": [7, 4, 8, 4.5], "texture": "#0"},
				"west": {"uv": [7, 4, 8, 4.5], "texture": "#0"},
				"up": {"uv": [7, 4, 8, 5], "texture": "#0"},
				"down": {"uv": [7, 4, 8, 5], "texture": "#0"}
			}
		},
		{
			"from": [3, 13, 2],
			"to": [4, 16, 4],
			"faces": {
				"north": {"uv": [4, 9, 5, 11], "texture": "#0"},
				"east": {"uv": [4, 9, 5, 11], "texture": "#0"},
				"south": {"uv": [4, 9, 5, 11], "texture": "#0"},
				"west": {"uv": [4, 9, 5, 11], "texture": "#0"},
				"up": {"uv": [4, 9, 5, 11], "texture": "#0"},
				"down": {"uv": [4, 9, 5, 11], "texture": "#0"}
			}
		},
		{
			"from": [3, 13, 4],
			"to": [4, 16, 6],
			"faces": {
				"north": {"uv": [4, 9, 5, 11], "texture": "#0"},
				"east": {"uv": [4, 9, 5, 11], "texture": "#0"},
				"south": {"uv": [4, 9, 5, 11], "texture": "#0"},
				"west": {"uv": [4, 9, 5, 11], "texture": "#0"},
				"up": {"uv": [4, 9, 5, 11], "texture": "#0"},
				"down": {"uv": [4, 9, 5, 11], "texture": "#0"}
			}
		},
		{
			"from": [3, 13, 6],
			"to": [5, 16, 7],
			"faces": {
				"north": {"uv": [4, 9, 5, 11], "texture": "#0"},
				"east": {"uv": [4, 9, 5, 11], "texture": "#0"},
				"south": {"uv": [4, 9, 5, 11], "texture": "#0"},
				"west": {"uv": [4, 9, 5, 11], "texture": "#0"},
				"up": {"uv": [4, 9, 5, 11], "texture": "#0"},
				"down": {"uv": [4, 9, 5, 11], "texture": "#0"}
			}
		},
		{
			"from": [3, 13, 9],
			"to": [5, 16, 10],
			"faces": {
				"north": {"uv": [4, 9, 5, 11], "texture": "#0"},
				"east": {"uv": [4, 9, 5, 11], "texture": "#0"},
				"south": {"uv": [4, 9, 5, 11], "texture": "#0"},
				"west": {"uv": [4, 9, 5, 11], "texture": "#0"},
				"up": {"uv": [4, 9, 5, 11], "texture": "#0"},
				"down": {"uv": [4, 9, 5, 11], "texture": "#0"}
			}
		},
		{
			"from": [3, 13, 10],
			"to": [4, 16, 12],
			"faces": {
				"north": {"uv": [4, 9, 5, 11], "texture": "#0"},
				"east": {"uv": [4, 9, 5, 11], "texture": "#0"},
				"south": {"uv": [4, 9, 5, 11], "texture": "#0"},
				"west": {"uv": [4, 9, 5, 11], "texture": "#0"},
				"up": {"uv": [4, 9, 5, 11], "texture": "#0"},
				"down": {"uv": [4, 9, 5, 11], "texture": "#0"}
			}
		},
		{
			"from": [3, 13, 12],
			"to": [4, 16, 14],
			"faces": {
				"north": {"uv": [4, 9, 5, 11], "texture": "#0"},
				"east": {"uv": [4, 9, 5, 11], "texture": "#0"},
				"south": {"uv": [4, 9, 5, 11], "texture": "#0"},
				"west": {"uv": [4, 9, 5, 11], "texture": "#0"},
				"up": {"uv": [4, 9, 5, 11], "texture": "#0"},
				"down": {"uv": [4, 9, 5, 11], "texture": "#0"}
			}
		},
		{
			"from": [6, 13, 11],
			"to": [7, 16, 12],
			"faces": {
				"north": {"uv": [4, 9, 5, 11], "texture": "#0"},
				"east": {"uv": [4, 9, 5, 11], "texture": "#0"},
				"south": {"uv": [4, 9, 5, 11], "texture": "#0"},
				"west": {"uv": [4, 9, 5, 11], "texture": "#0"},
				"up": {"uv": [4, 9, 5, 11], "texture": "#0"},
				"down": {"uv": [4, 9, 5, 11], "texture": "#0"}
			}
		},
		{
			"from": [6, 13, 12],
			"to": [7, 16, 14],
			"faces": {
				"north": {"uv": [4, 9, 5, 11], "texture": "#0"},
				"east": {"uv": [4, 9, 5, 11], "texture": "#0"},
				"south": {"uv": [4, 9, 5, 11], "texture": "#0"},
				"west": {"uv": [4, 9, 5, 11], "texture": "#0"},
				"up": {"uv": [4, 9, 5, 11], "texture": "#0"},
				"down": {"uv": [4, 9, 5, 11], "texture": "#0"}
			}
		},
		{
			"from": [9, 13, 11],
			"to": [11, 16, 12],
			"faces": {
				"north": {"uv": [4, 9, 5, 11], "texture": "#0"},
				"east": {"uv": [4, 9, 5, 11], "texture": "#0"},
				"south": {"uv": [4, 9, 5, 11], "texture": "#0"},
				"west": {"uv": [4, 9, 5, 11], "texture": "#0"},
				"up": {"uv": [4, 9, 5, 11], "texture": "#0"},
				"down": {"uv": [4, 9, 5, 11], "texture": "#0"}
			}
		},
		{
			"from": [10, 13, 12],
			"to": [11, 16, 14],
			"faces": {
				"north": {"uv": [4, 9, 5, 11], "texture": "#0"},
				"east": {"uv": [4, 9, 5, 11], "texture": "#0"},
				"south": {"uv": [4, 9, 5, 11], "texture": "#0"},
				"west": {"uv": [4, 9, 5, 11], "texture": "#0"},
				"up": {"uv": [4, 9, 5, 11], "texture": "#0"},
				"down": {"uv": [4, 9, 5, 11], "texture": "#0"}
			}
		},
		{
			"from": [12, 13, 10],
			"to": [13, 16, 14],
			"faces": {
				"north": {"uv": [4, 9, 5, 11], "texture": "#0"},
				"east": {"uv": [4, 9, 5, 11], "texture": "#0"},
				"south": {"uv": [4, 9, 5, 11], "texture": "#0"},
				"west": {"uv": [4, 9, 5, 11], "texture": "#0"},
				"up": {"uv": [4, 9, 5, 11], "texture": "#0"},
				"down": {"uv": [4, 9, 5, 11], "texture": "#0"}
			}
		},
		{
			"from": [11, 13, 9],
			"to": [12, 16, 11],
			"faces": {
				"north": {"uv": [4, 9, 5, 11], "texture": "#0"},
				"east": {"uv": [4, 9, 5, 11], "texture": "#0"},
				"south": {"uv": [4, 9, 5, 11], "texture": "#0"},
				"west": {"uv": [4, 9, 5, 11], "texture": "#0"},
				"up": {"uv": [4, 9, 5, 11], "texture": "#0"},
				"down": {"uv": [4, 9, 5, 11], "texture": "#0"}
			}
		},
		{
			"from": [12, 13, 2],
			"to": [13, 16, 8],
			"faces": {
				"north": {"uv": [4, 9, 5, 11], "texture": "#0"},
				"east": {"uv": [4, 9, 5, 11], "texture": "#0"},
				"south": {"uv": [4, 9, 5, 11], "texture": "#0"},
				"west": {"uv": [4, 9, 5, 11], "texture": "#0"},
				"up": {"uv": [3, 8, 4, 14], "texture": "#0"},
				"down": {"uv": [4, 9, 5, 11], "texture": "#0"}
			}
		},
		{
			"from": [11, 13, 5],
			"to": [12, 16, 7],
			"faces": {
				"north": {"uv": [4, 9, 5, 11], "texture": "#0"},
				"east": {"uv": [0, 0, 2, 3], "texture": "#missing"},
				"south": {"uv": [4, 9, 5, 11], "texture": "#0"},
				"west": {"uv": [4, 9, 5, 11], "texture": "#0"},
				"up": {"uv": [4, 9, 5, 11], "texture": "#0"},
				"down": {"uv": [4, 9, 5, 11], "texture": "#0"}
			}
		},
		{
			"from": [9, 13, 3],
			"to": [10, 16, 5],
			"faces": {
				"north": {"uv": [4, 9, 5, 11], "texture": "#0"},
				"east": {"uv": [4, 9, 5, 11], "texture": "#0"},
				"south": {"uv": [4, 9, 5, 11], "texture": "#0"},
				"west": {"uv": [4, 9, 5, 11], "texture": "#0"},
				"up": {"uv": [4, 9, 5, 11], "texture": "#0"},
				"down": {"uv": [4, 9, 5, 11], "texture": "#0"}
			}
		},
		{
			"from": [8, 13, 2],
			"to": [9, 16, 4],
			"faces": {
				"north": {"uv": [4, 9, 5, 11], "texture": "#0"},
				"east": {"uv": [4, 9, 5, 11], "texture": "#0"},
				"south": {"uv": [4, 9, 5, 11], "texture": "#0"},
				"west": {"uv": [4, 9, 5, 11], "texture": "#0"},
				"up": {"uv": [4, 9, 5, 11], "texture": "#0"},
				"down": {"uv": [4, 9, 5, 11], "texture": "#0"}
			}
		},
		{
			"from": [5, 13, 2],
			"to": [6, 16, 4],
			"faces": {
				"north": {"uv": [4, 9, 5, 11], "texture": "#0"},
				"east": {"uv": [4, 9, 5, 11], "texture": "#0"},
				"south": {"uv": [4, 9, 5, 11], "texture": "#0"},
				"west": {"uv": [4, 9, 5, 11], "texture": "#0"},
				"up": {"uv": [4, 9, 5, 11], "texture": "#0"},
				"down": {"uv": [4, 9, 5, 11], "texture": "#0"}
			}
		},
		{
			"from": [6, 13, 3],
			"to": [7, 16, 5],
			"faces": {
				"north": {"uv": [4, 9, 5, 11], "texture": "#0"},
				"east": {"uv": [4, 9, 5, 11], "texture": "#0"},
				"south": {"uv": [4, 9, 5, 11], "texture": "#0"},
				"west": {"uv": [4, 9, 5, 11], "texture": "#0"},
				"up": {"uv": [4, 9, 5, 11], "texture": "#0"},
				"down": {"uv": [4, 9, 5, 11], "texture": "#0"}
			}
		},
		{
			"from": [7, 13, 2],
			"to": [8, 16, 3],
			"faces": {
				"north": {"uv": [4, 9, 5, 11], "texture": "#0"},
				"east": {"uv": [0, 0, 2, 3], "texture": "#missing"},
				"south": {"uv": [4, 9, 5, 11], "texture": "#0"},
				"west": {"uv": [4, 9, 5, 11], "texture": "#0"},
				"up": {"uv": [4, 9, 5, 11], "texture": "#0"},
				"down": {"uv": [4, 9, 5, 11], "texture": "#0"}
			}
		},
		{
			"from": [5, 13, 4],
			"to": [6, 16, 6],
			"faces": {
				"north": {"uv": [0, 0, 1, 2], "texture": "#missing"},
				"east": {"uv": [0, 0, 2, 2], "texture": "#missing"},
				"south": {"uv": [0, 0, 1, 2], "texture": "#missing"},
				"west": {"uv": [0, 0, 2, 2], "texture": "#missing"},
				"up": {"uv": [2, 2, 3, 4], "texture": "#0"},
				"down": {"uv": [2, 2, 3, 4], "texture": "#0"}
			}
		},
		{
			"from": [4, 13, 4],
			"to": [5, 16, 6],
			"faces": {
				"north": {"uv": [0, 0, 1, 2], "texture": "#missing"},
				"east": {"uv": [0, 0, 2, 2], "texture": "#missing"},
				"south": {"uv": [0, 0, 1, 2], "texture": "#missing"},
				"west": {"uv": [0, 0, 2, 2], "texture": "#missing"},
				"up": {"uv": [2, 2, 3, 4], "texture": "#0"},
				"down": {"uv": [2, 2, 3, 4], "texture": "#0"}
			}
		},
		{
			"from": [4, 13, 2],
			"to": [5, 16, 4],
			"faces": {
				"north": {"uv": [0, 0, 1, 2], "texture": "#missing"},
				"east": {"uv": [0, 0, 2, 2], "texture": "#missing"},
				"south": {"uv": [0, 0, 1, 2], "texture": "#missing"},
				"west": {"uv": [0, 0, 2, 2], "texture": "#missing"},
				"up": {"uv": [2, 2, 3, 4], "texture": "#0"},
				"down": {"uv": [2, 2, 3, 4], "texture": "#0"}
			}
		},
		{
			"from": [6, 13, 2],
			"to": [7, 16, 3],
			"faces": {
				"north": {"uv": [0, 0, 1, 2], "texture": "#missing"},
				"east": {"uv": [0, 0, 1, 2], "texture": "#missing"},
				"south": {"uv": [0, 0, 1, 2], "texture": "#missing"},
				"west": {"uv": [0, 0, 1, 2], "texture": "#missing"},
				"up": {"uv": [2, 2, 3, 3], "texture": "#0"},
				"down": {"uv": [2, 2, 3, 3], "texture": "#0"}
			}
		},
		{
			"from": [9, 13, 2],
			"to": [10, 16, 3],
			"faces": {
				"north": {"uv": [0, 0, 1, 2], "texture": "#missing"},
				"east": {"uv": [0, 0, 1, 2], "texture": "#missing"},
				"south": {"uv": [0, 0, 1, 2], "texture": "#missing"},
				"west": {"uv": [0, 0, 1, 2], "texture": "#missing"},
				"up": {"uv": [2, 2, 3, 3], "texture": "#0"},
				"down": {"uv": [2, 2, 3, 3], "texture": "#0"}
			}
		},
		{
			"from": [7, 13, 3],
			"to": [8, 16, 4],
			"faces": {
				"north": {"uv": [0, 0, 1, 2], "texture": "#missing"},
				"east": {"uv": [0, 0, 1, 2], "texture": "#missing"},
				"south": {"uv": [0, 0, 1, 2], "texture": "#missing"},
				"west": {"uv": [0, 0, 1, 2], "texture": "#missing"},
				"up": {"uv": [2, 2, 3, 3], "texture": "#0"},
				"down": {"uv": [2, 2, 3, 3], "texture": "#0"}
			}
		},
		{
			"from": [10, 13, 2],
			"to": [11, 16, 4],
			"faces": {
				"north": {"uv": [0, 0, 1, 2], "texture": "#missing"},
				"east": {"uv": [0, 0, 2, 2], "texture": "#missing"},
				"south": {"uv": [0, 0, 1, 2], "texture": "#missing"},
				"west": {"uv": [0, 0, 2, 2], "texture": "#missing"},
				"up": {"uv": [2, 2, 3, 4], "texture": "#0"},
				"down": {"uv": [2, 2, 3, 4], "texture": "#0"}
			}
		},
		{
			"from": [11, 13, 2],
			"to": [12, 16, 5],
			"faces": {
				"north": {"uv": [0, 0, 1, 2], "texture": "#missing"},
				"east": {"uv": [0, 0, 3, 2], "texture": "#missing"},
				"south": {"uv": [0, 0, 1, 2], "texture": "#missing"},
				"west": {"uv": [0, 0, 3, 2], "texture": "#missing"},
				"up": {"uv": [2, 2, 3, 5], "texture": "#0"},
				"down": {"uv": [2, 2, 3, 5], "texture": "#0"}
			}
		},
		{
			"from": [10, 13, 4],
			"to": [11, 16, 6],
			"faces": {
				"north": {"uv": [0, 0, 1, 2], "texture": "#missing"},
				"east": {"uv": [0, 0, 2, 2], "texture": "#missing"},
				"south": {"uv": [0, 0, 1, 2], "texture": "#missing"},
				"west": {"uv": [0, 0, 2, 2], "texture": "#missing"},
				"up": {"uv": [2, 2, 3, 4], "texture": "#0"},
				"down": {"uv": [2, 2, 3, 4], "texture": "#0"}
			}
		},
		{
			"from": [2, 13, 2],
			"to": [3, 16, 14],
			"faces": {
				"north": {"uv": [0, 0, 1, 3], "texture": "#missing"},
				"east": {"uv": [0, 0, 12, 3], "texture": "#missing"},
				"south": {"uv": [0, 0, 1, 3], "texture": "#missing"},
				"west": {"uv": [0, 0, 12, 3], "texture": "#missing"},
				"up": {"uv": [2, 2, 3, 14], "texture": "#0"},
				"down": {"uv": [2, 2, 3, 14], "texture": "#0"}
			}
		},
		{
			"from": [3, 13, 7],
			"to": [4, 16, 9],
			"faces": {
				"north": {"uv": [0, 0, 1, 2], "texture": "#missing"},
				"east": {"uv": [0, 0, 2, 2], "texture": "#missing"},
				"south": {"uv": [0, 0, 1, 2], "texture": "#missing"},
				"west": {"uv": [0, 0, 2, 2], "texture": "#missing"},
				"up": {"uv": [2, 2, 3, 4], "texture": "#0"},
				"down": {"uv": [2, 2, 3, 4], "texture": "#0"}
			}
		},
		{
			"from": [12, 13, 8],
			"to": [13, 16, 10],
			"faces": {
				"north": {"uv": [0, 0, 1, 2], "texture": "#missing"},
				"east": {"uv": [0, 0, 2, 2], "texture": "#missing"},
				"south": {"uv": [0, 0, 1, 2], "texture": "#missing"},
				"west": {"uv": [0, 0, 2, 2], "texture": "#missing"},
				"up": {"uv": [2, 2, 3, 4], "texture": "#0"},
				"down": {"uv": [2, 2, 3, 4], "texture": "#0"}
			}
		},
		{
			"from": [13, 13, 2],
			"to": [14, 16, 14],
			"faces": {
				"north": {"uv": [0, 0, 1, 3], "texture": "#missing"},
				"east": {"uv": [0, 0, 12, 3], "texture": "#missing"},
				"south": {"uv": [0, 0, 1, 3], "texture": "#missing"},
				"west": {"uv": [2, 2, 3, 14], "texture": "#0"},
				"up": {"uv": [2, 2, 3, 14], "texture": "#0"},
				"down": {"uv": [2, 2, 3, 14], "texture": "#0"}
			}
		},
		{
			"from": [10, 13, 10],
			"to": [11, 16, 11],
			"faces": {
				"north": {"uv": [0, 0, 1, 2], "texture": "#missing"},
				"east": {"uv": [0, 0, 1, 2], "texture": "#missing"},
				"south": {"uv": [0, 0, 1, 2], "texture": "#missing"},
				"west": {"uv": [0, 0, 1, 2], "texture": "#missing"},
				"up": {"uv": [2, 2, 3, 3], "texture": "#0"},
				"down": {"uv": [2, 2, 3, 3], "texture": "#0"}
			}
		},
		{
			"from": [9, 13, 12],
			"to": [10, 16, 14],
			"faces": {
				"north": {"uv": [0, 0, 1, 2], "texture": "#missing"},
				"east": {"uv": [0, 0, 2, 2], "texture": "#missing"},
				"south": {"uv": [0, 0, 1, 2], "texture": "#missing"},
				"west": {"uv": [0, 0, 2, 2], "texture": "#missing"},
				"up": {"uv": [2, 2, 3, 4], "texture": "#0"},
				"down": {"uv": [2, 2, 3, 4], "texture": "#0"}
			}
		},
		{
			"from": [8, 13, 12],
			"to": [9, 16, 14],
			"faces": {
				"north": {"uv": [0, 0, 1, 2], "texture": "#missing"},
				"east": {"uv": [0, 0, 2, 2], "texture": "#missing"},
				"south": {"uv": [0, 0, 1, 2], "texture": "#missing"},
				"west": {"uv": [0, 0, 2, 2], "texture": "#missing"},
				"up": {"uv": [2, 2, 3, 4], "texture": "#0"},
				"down": {"uv": [2, 2, 3, 4], "texture": "#0"}
			}
		},
		{
			"from": [7, 13, 12],
			"to": [8, 16, 14],
			"faces": {
				"north": {"uv": [0, 0, 1, 2], "texture": "#missing"},
				"east": {"uv": [0, 0, 2, 2], "texture": "#missing"},
				"south": {"uv": [0, 0, 1, 2], "texture": "#missing"},
				"west": {"uv": [0, 0, 2, 2], "texture": "#missing"},
				"up": {"uv": [2, 2, 3, 4], "texture": "#0"},
				"down": {"uv": [2, 2, 3, 4], "texture": "#0"}
			}
		},
		{
			"from": [5, 13, 10],
			"to": [6, 16, 12],
			"faces": {
				"north": {"uv": [0, 0, 1, 2], "texture": "#missing"},
				"east": {"uv": [0, 0, 2, 2], "texture": "#missing"},
				"south": {"uv": [0, 0, 1, 2], "texture": "#missing"},
				"west": {"uv": [0, 0, 2, 2], "texture": "#missing"},
				"up": {"uv": [2, 2, 3, 4], "texture": "#0"},
				"down": {"uv": [2, 2, 3, 4], "texture": "#0"}
			}
		},
		{
			"from": [4, 13, 10],
			"to": [5, 16, 12],
			"faces": {
				"north": {"uv": [0, 0, 1, 2], "texture": "#missing"},
				"east": {"uv": [0, 0, 2, 2], "texture": "#missing"},
				"south": {"uv": [0, 0, 1, 2], "texture": "#missing"},
				"west": {"uv": [0, 0, 2, 2], "texture": "#missing"},
				"up": {"uv": [2, 2, 3, 4], "texture": "#0"},
				"down": {"uv": [2, 2, 3, 4], "texture": "#0"}
			}
		},
		{
			"from": [4, 13, 12],
			"to": [5, 16, 14],
			"faces": {
				"north": {"uv": [0, 0, 1, 2], "texture": "#missing"},
				"east": {"uv": [0, 0, 2, 2], "texture": "#missing"},
				"south": {"uv": [0, 0, 1, 2], "texture": "#missing"},
				"west": {"uv": [0, 0, 2, 2], "texture": "#missing"},
				"up": {"uv": [2, 2, 3, 4], "texture": "#0"},
				"down": {"uv": [2, 2, 3, 4], "texture": "#0"}
			}
		},
		{
			"from": [5, 13, 12],
			"to": [6, 16, 14],
			"faces": {
				"north": {"uv": [0, 0, 1, 2], "texture": "#missing"},
				"east": {"uv": [0, 0, 2, 2], "texture": "#missing"},
				"south": {"uv": [0, 0, 1, 2], "texture": "#missing"},
				"west": {"uv": [0, 0, 2, 2], "texture": "#missing"},
				"up": {"uv": [2, 2, 3, 4], "texture": "#0"},
				"down": {"uv": [2, 2, 3, 4], "texture": "#0"}
			}
		},
		{
			"from": [11, 13, 11],
			"to": [12, 16, 14],
			"faces": {
				"north": {"uv": [0, 0, 1, 2], "texture": "#missing"},
				"east": {"uv": [0, 0, 3, 2], "texture": "#missing"},
				"south": {"uv": [0, 0, 1, 2], "texture": "#missing"},
				"west": {"uv": [0, 0, 3, 2], "texture": "#missing"},
				"up": {"uv": [2, 2, 3, 5], "texture": "#0"},
				"down": {"uv": [2, 2, 3, 5], "texture": "#0"}
			}
		}
	],
	"display": {
		"thirdperson_righthand": {
			"rotation": [68, -45, 0],
			"translation": [0, 3.25, 1.75],
			"scale": [0.4, 0.4, 0.4]
		},
		"thirdperson_lefthand": {
			"rotation": [68, -45, 0],
			"translation": [0, 3.25, 1.75],
			"scale": [0.4, 0.4, 0.4]
		},
		"firstperson_righthand": {
			"rotation": [6, 36, 0],
			"translation": [1, 2.5, -1.5],
			"scale": [0.6, 0.6, 0.6]
		},
		"firstperson_lefthand": {
			"rotation": [6, 36, 0],
			"translation": [1, 2.5, -1.5],
			"scale": [0.6, 0.6, 0.6]
		},
		"ground": {
			"translation": [0, 2.5, 0],
			"scale": [0.25, 0.25, 0.25]
		},
		"gui": {
			"rotation": [28, 45, 0],
			"scale": [0.6, 0.6, 0.6]
		},
		"head": {
			"rotation": [90, 0, 0]
		},
		"fixed": {
			"scale": [0.5, 0.5, 0.5]
		}
	},
	"groups": [
		{
			"name": "outer border",
			"origin": [8, 8, 8],
			"children": [0, 1, 2, 3]
		},
		{
			"name": "inner outer border",
			"origin": [8, 8, 8],
			"children": [4, 5, 6, 7]
		},
		{
			"name": "inner inner border",
			"origin": [8, 8, 8],
			"children": [8, 9, 10, 11, 12, 13, 14, 15]
		},
		{
			"name": "outer inner border",
			"origin": [8, 8, 8],
			"children": [16, 17, 18, 19, 20, 21, 22, 23, 24, 25, 26, 27, 28, 29, 30, 31]
		},
		{
			"name": "darker bits",
			"origin": [8, 8, 8],
			"children": [32, 33, 34, 35, 36, 37, 38, 39, 40, 41, 42, 43, 44, 45, 46, 47, 48, 49, 50]
		},
		{
			"name": "lighter bits",
			"origin": [8, 8, 8],
			"children": [51, 52, 53, 54, 55, 56, 57, 58, 59, 60, 61, 62, 63, 64, 65, 66, 67, 68, 69, 70, 71, 72]
		}
	]
}
