{
	"ambientocclusion": false,
	"textures": {
		"particle": "block/rail_corner",
		"front": "block/rail_corner"
	},
	"elements": [
		{
			"name": "Cube",
			"from": [3, 0, 12],
			"to": [16, 1, 14],
			"rotation": {"angle": -22.5, "axis": "y", "origin": [8, 8, 8]},
			"faces": {
				"north": {"uv": [16, 10, 15, 11], "rotation": 90, "texture": "#front"},
				"east": {"uv": [16, 10, 14, 11], "rotation": 180, "texture": "#front"},
				"south": {"uv": [15, 10, 14, 11], "texture": "#front"},
				"west": {"uv": [16, 11, 14, 10], "texture": "#front"},
				"up": {"uv": [16, 10, 14, 11], "rotation": 90, "texture": "#front"},
				"down": {"uv": [16, 11, 14, 10], "rotation": 270, "texture": "#front", "cullface": "down"}
			}
		},
		{
			"name": "Cube",
			"from": [4, 0, 7],
			"to": [16, 1, 9],
			"rotation": {"angle": -45, "axis": "y", "origin": [8, 8, 8]},
			"faces": {
				"north": {"uv": [16, 10, 15, 11], "rotation": 90, "texture": "#front"},
				"east": {"uv": [16, 10, 14, 11], "rotation": 180, "texture": "#front"},
				"south": {"uv": [15, 10, 14, 11], "texture": "#front"},
				"west": {"uv": [16, 11, 14, 10], "texture": "#front"},
				"up": {"uv": [16, 10, 14, 11], "rotation": 90, "texture": "#front"},
				"down": {"uv": [16, 11, 14, 10], "rotation": 270, "texture": "#front", "cullface": "down"}
			}
		},
		{
			"name": "Cube",
			"from": [12, 0, 3],
			"to": [14, 1, 16],
			"rotation": {"angle": 22.5, "axis": "y", "origin": [8, 8, 8]},
			"faces": {
				"north": {"uv": [14, 12, 16, 10], "rotation": 180, "texture": "#front"},
				"east": {"uv": [16, 10, 15, 11], "rotation": 270, "texture": "#front"},
				"south": {"uv": [14, 10, 15, 11], "texture": "#front"},
				"west": {"uv": [15, 11, 14, 10], "texture": "#front"},
				"up": {"uv": [16, 10, 14, 11], "rotation": 180, "texture": "#front"},
				"down": {"uv": [16, 11, 14, 10], "rotation": 180, "texture": "#front", "cullface": "down"}
			}
		},
		{
			"name": "Cube",
			"from": [12, 1, 2],
			"to": [16.12132, 2, 4],
			"faces": {
				"north": {"uv": [16, 2, 12, 3], "texture": "#front"},
				"east": {"uv": [15, 2, 16, 4], "rotation": 90, "texture": "#front", "cullface": "east"},
				"south": {"uv": [12, 3, 16, 4], "texture": "#front"},
				"west": {"uv": [12, 2, 13, 4], "rotation": 270, "texture": "#front"},
				"up": {"uv": [12, 2, 16, 4], "texture": "#front"},
				"down": {"uv": [12, 4, 16, 2], "texture": "#front"}
			}
		},
		{
			"name": "Cube",
			"from": [10, 1, 3],
			"to": [12, 2, 5],
			"faces": {
				"north": {"uv": [12, 3, 10, 4], "texture": "#front"},
				"east": {"uv": [11, 3, 12, 5], "rotation": 90, "texture": "#front"},
				"south": {"uv": [10, 4, 12, 5], "texture": "#front"},
				"west": {"uv": [10, 3, 11, 5], "rotation": 270, "texture": "#front"},
				"up": {"uv": [10, 3, 12, 5], "texture": "#front"},
				"down": {"uv": [10, 5, 12, 3], "texture": "#front"}
			}
		},
		{
			"name": "Cube",
			"from": [8, 1, 4],
			"to": [10, 2, 6],
			"faces": {
				"north": {"uv": [10, 4, 8, 5], "texture": "#front"},
				"east": {"uv": [9, 4, 10, 6], "rotation": 90, "texture": "#front"},
				"south": {"uv": [8, 5, 10, 6], "texture": "#front"},
				"west": {"uv": [8, 4, 9, 6], "rotation": 270, "texture": "#front"},
				"up": {"uv": [8, 4, 10, 6], "texture": "#front"},
				"down": {"uv": [8, 6, 10, 4], "texture": "#front"}
			}
		},
		{
			"name": "Cube",
			"from": [7, 1, 5],
			"to": [8, 2, 7],
			"faces": {
				"north": {"uv": [8, 5, 7, 6], "texture": "#front"},
				"east": {"uv": [7, 5, 8, 7], "rotation": 90, "texture": "#front"},
				"south": {"uv": [7, 6, 8, 7], "texture": "#front"},
				"west": {"uv": [7, 5, 8, 7], "rotation": 270, "texture": "#front"},
				"up": {"uv": [7, 5, 8, 7], "texture": "#front"},
				"down": {"uv": [7, 7, 8, 5], "texture": "#front"}
			}
		},
		{
			"name": "Cube",
			"from": [6, 1, 6],
			"to": [7, 2, 8],
			"faces": {
				"north": {"uv": [7, 6, 6, 7], "texture": "#front"},
				"east": {"uv": [6, 6, 7, 8], "rotation": 90, "texture": "#front"},
				"south": {"uv": [6, 7, 7, 8], "texture": "#front"},
				"west": {"uv": [6, 6, 7, 8], "rotation": 270, "texture": "#front"},
				"up": {"uv": [6, 6, 7, 8], "texture": "#front"},
				"down": {"uv": [6, 8, 7, 6], "texture": "#front"}
			}
		},
		{
			"name": "Cube",
			"from": [5, 1, 7],
			"to": [6, 2, 10],
			"faces": {
				"north": {"uv": [6, 7, 5, 8], "texture": "#front"},
				"east": {"uv": [5, 7, 6, 10], "rotation": 90, "texture": "#front"},
				"south": {"uv": [5, 9, 6, 10], "texture": "#front"},
				"west": {"uv": [5, 7, 6, 10], "rotation": 270, "texture": "#front"},
				"up": {"uv": [5, 7, 6, 10], "texture": "#front"},
				"down": {"uv": [5, 10, 6, 7], "texture": "#front"}
			}
		},
		{
			"name": "Cube",
			"from": [4, 1, 8],
			"to": [5, 2, 12],
			"faces": {
				"north": {"uv": [5, 8, 4, 9], "texture": "#front"},
				"east": {"uv": [4, 8, 5, 12], "rotation": 90, "texture": "#front"},
				"south": {"uv": [4, 11, 5, 12], "texture": "#front"},
				"west": {"uv": [4, 8, 5, 12], "rotation": 270, "texture": "#front"},
				"up": {"uv": [4, 8, 5, 12], "texture": "#front"},
				"down": {"uv": [4, 12, 5, 8], "texture": "#front"}
			}
		},
		{
			"name": "Cube",
			"from": [3, 1, 10],
			"to": [4, 2, 12],
			"faces": {
				"north": {"uv": [4, 11, 3, 12], "texture": "#front"},
				"east": {"uv": [3, 10, 4, 12], "rotation": 90, "texture": "#front"},
				"south": {"uv": [3, 10, 4, 11], "texture": "#front", "cullface": "south"},
				"west": {"uv": [3, 10, 4, 12], "rotation": 270, "texture": "#front"},
				"up": {"uv": [3, 10, 4, 12], "texture": "#front"},
				"down": {"uv": [3, 12, 4, 10], "texture": "#front"}
			}
		},
		{
			"name": "Cube",
			"from": [2, 1, 12],
			"to": [4, 2, 16.12132],
			"faces": {
				"north": {"uv": [4, 12, 2, 13], "texture": "#front"},
				"east": {"uv": [3, 12, 4, 16], "rotation": 90, "texture": "#front"},
				"south": {"uv": [2, 15, 4, 16], "texture": "#front", "cullface": "south"},
				"west": {"uv": [2, 12, 3, 16], "rotation": 270, "texture": "#front"},
				"up": {"uv": [2, 12, 4, 16], "texture": "#front"},
				"down": {"uv": [2, 16, 4, 12], "texture": "#front"}
			}
		},
		{
			"name": "Cube",
			"from": [14, 1, 12],
			"to": [16.12132, 2, 14],
			"faces": {
				"north": {"uv": [16, 12, 14, 13], "texture": "#front"},
				"east": {"uv": [15, 12, 16, 14], "rotation": 90, "texture": "#front", "cullface": "east"},
				"south": {"uv": [14, 13, 16, 14], "texture": "#front"},
				"west": {"uv": [14, 12, 15, 14], "rotation": 270, "texture": "#front"},
				"up": {"uv": [14, 12, 16, 14], "texture": "#front"},
				"down": {"uv": [14, 14, 16, 12], "texture": "#front"}
			}
		},
		{
			"name": "Cube",
			"from": [13, 1, 13],
			"to": [14, 2, 14],
			"faces": {
				"north": {"uv": [13, 13, 14, 14], "rotation": 270, "texture": "#front"},
				"east": {"uv": [13, 13, 14, 14], "rotation": 270, "texture": "#front"},
				"south": {"uv": [13, 13, 14, 14], "rotation": 270, "texture": "#front"},
				"west": {"uv": [13, 13, 14, 14], "rotation": 270, "texture": "#front"},
				"up": {"uv": [13, 13, 14, 14], "rotation": 270, "texture": "#front"},
				"down": {"uv": [13, 13, 14, 14], "rotation": 270, "texture": "#front"}
			}
		},
		{
			"name": "Cube",
			"from": [12, 1, 14],
			"to": [14, 2, 16.12132],
			"faces": {
				"north": {"uv": [12, 14, 14, 16], "rotation": 180, "texture": "#front"},
				"east": {"uv": [13, 14, 14, 16], "rotation": 270, "texture": "#front"},
				"south": {"uv": [12, 14, 14, 16], "texture": "#front"},
				"west": {"uv": [12, 14, 13, 16], "rotation": 270, "texture": "#front"},
				"up": {"uv": [12, 14, 14, 16], "texture": "#front"},
				"down": {"uv": [12, 14, 14, 16], "texture": "#front"}
			}
		},
		{
			"from": [16, 0, 6],
			"to": [18, 1, 10],
			"rotation": {"angle": -45, "axis": "y", "origin": [8, 8, 8]},
			"faces": {
				"north": {"uv": [15, 14, 16, 15], "texture": "#front"},
				"east": {"uv": [15, 14, 16, 15], "texture": "#front"},
				"south": {"uv": [15, 14, 16, 15], "texture": "#front"},
				"west": {"uv": [15, 14, 16, 15], "texture": "#front"},
				"up": {"uv": [14, 14, 16, 15], "texture": "#front"},
				"down": {"uv": [14, 14, 16, 15], "texture": "#front"}
			}
		}
	],
	"groups": [
		0,
		1,
		2,
		{
			"name": "rail",
			"origin": [8, 8, 8],
			"color": 0,
			"children": [3, 4, 5, 6, 7, 8, 9, 10, 11, 12, 13, 14]
		},
		15
	]
}
