{
	"ambientocclusion": false,
	"textures": {
		"particle": "block/spruce_trapdoor",
		"texture": "block/spruce_trapdoor"
	},
	"elements": [
		{
			"from": [0, 13.75, 0.002],
			"to": [16, 15.25, 15.998],
			"rotation": {"angle": 0, "axis": "z", "origin": [16, 3, 0]},
			"faces": {
				"north": {"uv": [0, 0, 16, 1], "texture": "#texture"},
				"south": {"uv": [0, 15, 16, 16], "rotation": 180, "texture": "#texture"},
				"up": {"uv": [0, 0, 16, 16], "rotation": 180, "texture": "#texture"},
				"down": {"uv": [0, 0, 16, 16], "rotation": 180, "texture": "#texture"}
			}
		},
		{
			"from": [13, 13, 0],
			"to": [16, 16, 16],
			"rotation": {"angle": 0, "axis": "z", "origin": [16, 3, 0]},
			"faces": {
				"north": {"uv": [0, 0, 3, 3], "texture": "#texture"},
				"east": {"uv": [0, 0, 1, 16], "rotation": 90, "texture": "#texture"},
				"south": {"uv": [0, 3, 3, 6], "rotation": 180, "texture": "#texture"},
				"west": {"uv": [2, 0, 3, 16], "rotation": 270, "texture": "#texture"},
				"up": {"uv": [0, 16, 3, 0], "rotation": 180, "texture": "#texture"},
				"down": {"uv": [0, 0, 3, 16], "rotation": 180, "texture": "#texture"}
			}
		},
		{
			"from": [10, 13, 0],
			"to": [12, 16, 16],
			"rotation": {"angle": 0, "axis": "z", "origin": [16, 3, 0]},
			"faces": {
				"north": {"uv": [4, 0, 6, 3], "texture": "#texture"},
				"east": {"uv": [4, 0, 5, 16], "rotation": 90, "texture": "#texture"},
				"south": {"uv": [4, 3, 6, 6], "rotation": 180, "texture": "#texture"},
				"west": {"uv": [5, 0, 6, 16], "rotation": 270, "texture": "#texture"},
				"up": {"uv": [4, 16, 6, 0], "rotation": 180, "texture": "#texture"},
				"down": {"uv": [4, 0, 6, 16], "rotation": 180, "texture": "#texture"}
			}
		},
		{
			"from": [7, 13, 0],
			"to": [9, 16, 16],
			"rotation": {"angle": 0, "axis": "z", "origin": [16, 3, 0]},
			"faces": {
				"north": {"uv": [7, 0, 9, 3], "texture": "#texture"},
				"east": {"uv": [7, 0, 8, 16], "rotation": 90, "texture": "#texture"},
				"south": {"uv": [7, 3, 9, 6], "rotation": 180, "texture": "#texture"},
				"west": {"uv": [8, 0, 9, 16], "rotation": 270, "texture": "#texture"},
				"up": {"uv": [7, 16, 9, 0], "rotation": 180, "texture": "#texture"},
				"down": {"uv": [7, 0, 9, 16], "rotation": 180, "texture": "#texture"}
			}
		},
		{
			"from": [4, 13, 0],
			"to": [6, 16, 16],
			"rotation": {"angle": 0, "axis": "z", "origin": [16, 3, 0]},
			"faces": {
				"north": {"uv": [10, 0, 12, 3], "texture": "#texture"},
				"east": {"uv": [10, 0, 11, 16], "rotation": 90, "texture": "#texture"},
				"south": {"uv": [10, 3, 12, 6], "rotation": 180, "texture": "#texture"},
				"west": {"uv": [11, 0, 12, 16], "rotation": 270, "texture": "#texture"},
				"up": {"uv": [10, 16, 12, 0], "rotation": 180, "texture": "#texture"},
				"down": {"uv": [10, 0, 12, 16], "rotation": 180, "texture": "#texture"}
			}
		},
		{
			"from": [0, 13, 0],
			"to": [3, 16, 16],
			"rotation": {"angle": 0, "axis": "z", "origin": [16, 3, 0]},
			"faces": {
				"north": {"uv": [13, 0, 16, 3], "texture": "#texture"},
				"east": {"uv": [13, 0, 14, 16], "rotation": 90, "texture": "#texture"},
				"south": {"uv": [13, 3, 16, 6], "rotation": 180, "texture": "#texture"},
				"west": {"uv": [15, 0, 16, 16], "rotation": 270, "texture": "#texture"},
				"up": {"uv": [13, 16, 16, 0], "rotation": 180, "texture": "#texture"},
				"down": {"uv": [13, 0, 16, 16], "rotation": 180, "texture": "#texture"}
			}
		},
		{
			"from": [12.8, 12.8, 3],
			"to": [16.2, 16.2, 4],
			"rotation": {"angle": 0, "axis": "z", "origin": [16, 3, 0]},
			"faces": {
				"north": {"uv": [0, 3, 3, 4], "texture": "#texture"},
				"east": {"uv": [0, 3, 1, 4], "rotation": 90, "texture": "#texture"},
				"south": {"uv": [0, 3, 3, 4], "rotation": 180, "texture": "#texture"},
				"west": {"uv": [2, 3, 3, 4], "rotation": 270, "texture": "#texture"},
				"up": {"uv": [0, 3, 3, 4], "rotation": 180, "texture": "#texture"},
				"down": {"uv": [0, 3, 3, 4], "rotation": 180, "texture": "#texture"}
			}
		},
		{
			"from": [9.8, 12.8, 3],
			"to": [12.2, 16.2, 4],
			"rotation": {"angle": 0, "axis": "z", "origin": [16, 3, 0]},
			"faces": {
				"north": {"uv": [4, 3, 6, 4], "texture": "#texture"},
				"east": {"uv": [4, 3, 5, 4], "rotation": 90, "texture": "#texture"},
				"south": {"uv": [4, 3, 6, 4], "rotation": 180, "texture": "#texture"},
				"west": {"uv": [5, 3, 6, 4], "rotation": 270, "texture": "#texture"},
				"up": {"uv": [4, 3, 6, 4], "rotation": 180, "texture": "#texture"},
				"down": {"uv": [4, 3, 6, 4], "rotation": 180, "texture": "#texture"}
			}
		},
		{
			"from": [6.8, 12.8, 3],
			"to": [9.2, 16.2, 4],
			"rotation": {"angle": 0, "axis": "z", "origin": [16, 3, 0]},
			"faces": {
				"north": {"uv": [7, 3, 9, 4], "texture": "#texture"},
				"east": {"uv": [7, 3, 8, 4], "rotation": 90, "texture": "#texture"},
				"south": {"uv": [7, 3, 9, 4], "rotation": 180, "texture": "#texture"},
				"west": {"uv": [8, 3, 9, 4], "rotation": 270, "texture": "#texture"},
				"up": {"uv": [7, 3, 9, 4], "rotation": 180, "texture": "#texture"},
				"down": {"uv": [7, 3, 9, 4], "rotation": 180, "texture": "#texture"}
			}
		},
		{
			"from": [3.8, 12.8, 3],
			"to": [6.2, 16.2, 4],
			"rotation": {"angle": 0, "axis": "z", "origin": [16, 3, 0]},
			"faces": {
				"north": {"uv": [10, 3, 12, 4], "texture": "#texture"},
				"east": {"uv": [10, 3, 11, 4], "rotation": 90, "texture": "#texture"},
				"south": {"uv": [10, 3, 12, 4], "rotation": 180, "texture": "#texture"},
				"west": {"uv": [11, 3, 12, 4], "rotation": 270, "texture": "#texture"},
				"up": {"uv": [10, 3, 12, 4], "rotation": 180, "texture": "#texture"},
				"down": {"uv": [10, 3, 12, 4], "rotation": 180, "texture": "#texture"}
			}
		},
		{
			"from": [-0.2, 12.8, 3],
			"to": [3.2, 16.2, 4],
			"rotation": {"angle": 0, "axis": "z", "origin": [16, 3, 0]},
			"faces": {
				"north": {"uv": [13, 3, 16, 4], "texture": "#texture"},
				"east": {"uv": [13, 3, 14, 4], "rotation": 90, "texture": "#texture"},
				"south": {"uv": [13, 3, 16, 4], "rotation": 180, "texture": "#texture"},
				"west": {"uv": [15, 3, 16, 4], "rotation": 270, "texture": "#texture"},
				"up": {"uv": [13, 3, 16, 4], "rotation": 180, "texture": "#texture"},
				"down": {"uv": [13, 3, 16, 4], "rotation": 180, "texture": "#texture"}
			}
		},
		{
			"from": [12.8, 12.8, 12],
			"to": [16.2, 16.2, 13],
			"rotation": {"angle": 0, "axis": "z", "origin": [16, 3, 0]},
			"faces": {
				"north": {"uv": [0, 12, 3, 13], "texture": "#texture"},
				"east": {"uv": [0, 12, 1, 13], "rotation": 90, "texture": "#texture"},
				"south": {"uv": [0, 12, 3, 13], "rotation": 180, "texture": "#texture"},
				"west": {"uv": [2, 12, 3, 13], "rotation": 270, "texture": "#texture"},
				"up": {"uv": [0, 12, 3, 13], "rotation": 180, "texture": "#texture"},
				"down": {"uv": [0, 12, 3, 13], "rotation": 180, "texture": "#texture"}
			}
		},
		{
			"from": [9.8, 12.8, 12],
			"to": [12.2, 16.2, 13],
			"rotation": {"angle": 0, "axis": "z", "origin": [16, 3, 0]},
			"faces": {
				"north": {"uv": [4, 12, 6, 13], "texture": "#texture"},
				"east": {"uv": [4, 12, 5, 13], "rotation": 90, "texture": "#texture"},
				"south": {"uv": [4, 12, 6, 13], "rotation": 180, "texture": "#texture"},
				"west": {"uv": [5, 12, 6, 13], "rotation": 270, "texture": "#texture"},
				"up": {"uv": [4, 12, 6, 13], "rotation": 180, "texture": "#texture"},
				"down": {"uv": [4, 12, 6, 13], "rotation": 180, "texture": "#texture"}
			}
		},
		{
			"from": [6.8, 12.8, 12],
			"to": [9.2, 16.2, 13],
			"rotation": {"angle": 0, "axis": "z", "origin": [16, 3, 0]},
			"faces": {
				"north": {"uv": [7, 12, 9, 13], "texture": "#texture"},
				"east": {"uv": [7, 12, 8, 13], "rotation": 90, "texture": "#texture"},
				"south": {"uv": [7, 12, 9, 13], "rotation": 180, "texture": "#texture"},
				"west": {"uv": [8, 12, 9, 13], "rotation": 270, "texture": "#texture"},
				"up": {"uv": [7, 12, 9, 13], "rotation": 180, "texture": "#texture"},
				"down": {"uv": [7, 12, 9, 13], "rotation": 180, "texture": "#texture"}
			}
		},
		{
			"from": [3.8, 12.8, 12],
			"to": [6.2, 16.2, 13],
			"rotation": {"angle": 0, "axis": "z", "origin": [16, 3, 0]},
			"faces": {
				"north": {"uv": [10, 12, 12, 13], "texture": "#texture"},
				"east": {"uv": [10, 12, 11, 13], "rotation": 90, "texture": "#texture"},
				"south": {"uv": [10, 12, 12, 13], "rotation": 180, "texture": "#texture"},
				"west": {"uv": [11, 12, 12, 13], "rotation": 270, "texture": "#texture"},
				"up": {"uv": [10, 12, 12, 13], "rotation": 180, "texture": "#texture"},
				"down": {"uv": [10, 12, 12, 13], "rotation": 180, "texture": "#texture"}
			}
		},
		{
			"from": [-0.2, 12.8, 12],
			"to": [3.2, 16.2, 13],
			"rotation": {"angle": 0, "axis": "z", "origin": [16, 3, 0]},
			"faces": {
				"north": {"uv": [13, 12, 16, 13], "texture": "#texture"},
				"east": {"uv": [13, 12, 14, 13], "rotation": 90, "texture": "#texture"},
				"south": {"uv": [13, 12, 16, 13], "rotation": 180, "texture": "#texture"},
				"west": {"uv": [15, 12, 16, 13], "rotation": 270, "texture": "#texture"},
				"up": {"uv": [13, 12, 16, 13], "rotation": 180, "texture": "#texture"},
				"down": {"uv": [13, 12, 16, 13], "rotation": 180, "texture": "#texture"}
			}
		}
	]
}
