{
	"ambientocclusion": false,
	"textures": {
		"particle": "block/jungle_door_bottom",
		"block": "block/jungle_door_bottom"
	},
	"elements": [
		{
			"name": "The inner block",
			"from": [0.75, 0, 0],
			"to": [2.25, 16, 15],
			"faces": {
				"north": {"uv": [15.01, 0.01, 15.99, 15.99], "texture": "#block"},
				"east": {"uv": [1.01, 0.01, 15.99, 15.99], "texture": "#block"},
				"west": {"uv": [15.99, 0.01, 1.01, 15.99], "texture": "#block"},
				"down": {"uv": [1.01, 15.01, 15.99, 15.99], "rotation": 90, "texture": "#block"}
			}
		},
		{
			"name": "Bottom hinge",
			"from": [-0.25, 4, 15],
			"to": [3.25, 6, 16.25],
			"faces": {
				"north": {"uv": [0.01, 10.01, 0.99, 11.99], "texture": "#block"},
				"east": {"uv": [0.01, 10.01, 0.99, 11.99], "texture": "#block"},
				"south": {"uv": [0.01, 10.01, 0.99, 11.99], "texture": "#block"},
				"west": {"uv": [0.01, 10.01, 0.99, 11.99], "texture": "#block"},
				"up": {"uv": [0.01, 10.01, 0.99, 10.99], "rotation": 270, "texture": "#block"},
				"down": {"uv": [0.01, 11.01, 0.99, 11.99], "rotation": 90, "texture": "#block"}
			}
		},
		{
			"name": "Top hinge",
			"from": [-0.25, 15, 15],
			"to": [3.25, 16, 16.25],
			"faces": {
				"north": {"uv": [0.01, 0.01, 0.99, 0.99], "texture": "#block"},
				"east": {"uv": [0.01, 0.01, 0.99, 0.99], "texture": "#block"},
				"south": {"uv": [0.01, 0.01, 0.99, 0.99], "texture": "#block"},
				"west": {"uv": [0.01, 0.01, 0.99, 0.99], "texture": "#block"},
				"down": {"uv": [0.01, 0.01, 0.99, 0.99], "rotation": 90, "texture": "#block"}
			}
		},
		{
			"name": "Middle hinge side",
			"from": [0.75, 0, 9.01],
			"to": [2.25, 16, 16],
			"faces": {
				"north": {"uv": [6.01, 0.01, 6.99, 15.99], "texture": "#block"},
				"down": {"uv": [0.01, 15.01, 6.99, 15.99], "rotation": 90, "texture": "#block"}
			}
		},
		{
			"name": "Hinge side",
			"from": [0, 0, 15],
			"to": [3.02, 16, 16],
			"faces": {
				"north": {"uv": [0.01, 0.01, 0.99, 15.99], "texture": "#block"},
				"east": {"uv": [0.01, 0.01, 0.99, 15.99], "texture": "#block"},
				"south": {"uv": [0.01, 0.01, 0.99, 15.99], "texture": "#block"},
				"west": {"uv": [0.01, 0.01, 0.99, 15.99], "texture": "#block"},
				"down": {"uv": [0.01, 15.01, 0.99, 15.99], "rotation": 90, "texture": "#block"}
			}
		},
		{
			"name": "Plank 1 top",
			"from": [0, 9, 12],
			"to": [3.02, 16, 15],
			"faces": {
				"north": {"uv": [3.01, 0.01, 3.99, 6.99], "texture": "#block"},
				"east": {"uv": [1.01, 0.01, 3.99, 6.99], "texture": "#block"},
				"south": {"uv": [1.01, 0.01, 1.99, 6.99], "texture": "#block"},
				"west": {"uv": [3.99, 0.01, 1.01, 6.99], "texture": "#block"},
				"down": {"uv": [1.01, 6.01, 3.99, 6.99], "rotation": 90, "texture": "#block"}
			}
		},
		{
			"name": "Plank 1 bottom",
			"from": [0, 0, 12],
			"to": [3.02, 8, 15],
			"faces": {
				"north": {"uv": [3.01, 8.01, 3.99, 15.99], "texture": "#block"},
				"east": {"uv": [1.01, 8.01, 3.99, 15.99], "texture": "#block"},
				"south": {"uv": [1.01, 8.01, 1.99, 15.99], "texture": "#block"},
				"west": {"uv": [3.99, 8.01, 1.01, 15.99], "texture": "#block"},
				"up": {"uv": [1.01, 8.01, 3.99, 8.99], "rotation": 270, "texture": "#block"},
				"down": {"uv": [1.01, 15.01, 3.99, 15.99], "rotation": 90, "texture": "#block"}
			}
		},
		{
			"name": "Plank 2",
			"from": [0, 0, 10],
			"to": [3.02, 7, 11.02],
			"faces": {
				"north": {"uv": [5.01, 9.01, 5.989, 15.989], "texture": "#block"},
				"east": {"uv": [5.01, 9.01, 5.989, 15.989], "texture": "#block"},
				"south": {"uv": [5.01, 9.01, 5.989, 15.989], "texture": "#block"},
				"west": {"uv": [5.01, 9.01, 5.989, 15.989], "texture": "#block"},
				"up": {"uv": [5.01, 9.01, 5.988, 14.987], "texture": "#block"},
				"down": {"uv": [5.01, 15.01, 5.99, 15.99], "rotation": 90, "texture": "#block"}
			}
		},
		{
			"name": "Plank 3",
			"from": [0, 8, 10],
			"to": [3.02, 16, 11.02],
			"faces": {
				"north": {"uv": [5.01, 9.01, 5.988, 14.987], "texture": "#block"},
				"east": {"uv": [5.01, 9.01, 5.988, 14.987], "texture": "#block"},
				"south": {"uv": [5.01, 9.01, 5.988, 14.987], "texture": "#block"},
				"west": {"uv": [5.01, 9.01, 5.988, 14.987], "texture": "#block"},
				"down": {"uv": [5.01, 9.01, 5.988, 14.987], "texture": "#block"}
			}
		},
		{
			"name": "Plank 2 bottom",
			"from": [0, 0, 8],
			"to": [3.02, 2, 10],
			"faces": {
				"north": {"uv": [7.01, 14.01, 7.99, 15.99], "texture": "#block"},
				"east": {"uv": [6.01, 14.01, 7.99, 15.99], "texture": "#block"},
				"west": {"uv": [7.99, 14.01, 6.01, 15.99], "texture": "#block"},
				"up": {"uv": [6.01, 14.01, 7.99, 14.99], "rotation": 270, "texture": "#block"},
				"down": {"uv": [6.01, 15.01, 7.99, 15.99], "rotation": 90, "texture": "#block"}
			}
		},
		{
			"name": "Plank 3 top",
			"from": [0, 9, 3.99],
			"to": [3.02, 16, 6.01],
			"faces": {
				"north": {"uv": [11.01, 0.01, 11.99, 6.99], "texture": "#block"},
				"east": {"uv": [10.01, 0.01, 11.99, 6.99], "texture": "#block"},
				"south": {"uv": [10.01, 0.01, 10.99, 6.99], "texture": "#block"},
				"west": {"uv": [11.99, 0.01, 10.01, 6.99], "texture": "#block"},
				"down": {"uv": [10.01, 6.01, 11.99, 6.99], "rotation": 90, "texture": "#block"}
			}
		},
		{
			"name": "Plank 3 bottom",
			"from": [0, 0, 3.99],
			"to": [3.02, 8, 6.01],
			"faces": {
				"north": {"uv": [11.01, 8.01, 11.99, 15.99], "texture": "#block"},
				"east": {"uv": [10.01, 8.01, 11.99, 15.99], "texture": "#block"},
				"south": {"uv": [10.01, 8.01, 10.99, 15.99], "texture": "#block"},
				"west": {"uv": [11.99, 8.01, 10.01, 15.99], "texture": "#block"},
				"up": {"uv": [10.01, 8.01, 11.99, 8.99], "rotation": 270, "texture": "#block"},
				"down": {"uv": [10.01, 15.01, 11.99, 15.99], "rotation": 90, "texture": "#block"}
			}
		},
		{
			"name": "Plank 3 bottom",
			"from": [0, 0, 6],
			"to": [3.02, 2, 7],
			"faces": {
				"north": {"uv": [9.01, 14.01, 9.99, 15.99], "texture": "#block"},
				"east": {"uv": [9.01, 14.01, 9.99, 15.99], "texture": "#block"},
				"west": {"uv": [9.01, 14.01, 9.99, 15.99], "texture": "#block"},
				"up": {"uv": [9.01, 14.01, 9.99, 14.99], "rotation": 270, "texture": "#block"},
				"down": {"uv": [9.01, 15.01, 9.99, 15.99], "rotation": 90, "texture": "#block"}
			}
		},
		{
			"name": "Plank 4",
			"from": [0, 5, 0.98],
			"to": [3.02, 13, 3],
			"faces": {
				"north": {"uv": [12.978, 12, 14.978, 14.976], "texture": "#block"},
				"east": {"uv": [12.978, 12, 14.978, 14.976], "texture": "#block"},
				"south": {"uv": [12.978, 12, 14.978, 14.976], "texture": "#block"},
				"west": {"uv": [12.978, 12, 14.978, 14.976], "texture": "#block"},
				"up": {"uv": [12.978, 12, 14.978, 14.976], "texture": "#block"},
				"down": {"uv": [12.978, 12, 14.978, 14.976], "texture": "#block"}
			}
		},
		{
			"name": "Plank 5",
			"from": [0, 14, 0.98],
			"to": [3.02, 16, 3],
			"faces": {
				"north": {"uv": [12.978, 12, 14.978, 14.976], "texture": "#block"},
				"east": {"uv": [12.978, 12, 14.978, 14.976], "texture": "#block"},
				"south": {"uv": [12.978, 12, 14.978, 14.976], "texture": "#block"},
				"west": {"uv": [12.978, 12, 14.978, 14.976], "texture": "#block"},
				"down": {"uv": [12.978, 12, 14.978, 14.976], "texture": "#block"}
			}
		},
		{
			"name": "Plank 5",
			"from": [0, 0, 0.98],
			"to": [3.02, 4, 3],
			"faces": {
				"north": {"uv": [12.978, 12, 14.978, 15.976], "texture": "#block"},
				"east": {"uv": [12.978, 12, 14.978, 15.976], "texture": "#block"},
				"south": {"uv": [12.978, 12, 14.978, 15.976], "texture": "#block"},
				"west": {"uv": [12.978, 12, 14.978, 15.976], "texture": "#block"},
				"up": {"uv": [12.978, 12, 14.978, 14.976], "texture": "#block"},
				"down": {"uv": [13.01, 15.01, 14.99, 15.99], "rotation": 90, "texture": "#block"}
			}
		},
		{
			"name": "Right",
			"from": [0.75, 0, 1],
			"to": [2.25, 16, 7],
			"faces": {
				"north": {"uv": [14.01, 0.01, 14.99, 15.99], "texture": "#block"},
				"east": {"uv": [9.01, 0.01, 14.99, 15.99], "texture": "#block"},
				"south": {"uv": [9.01, 0.01, 9.99, 15.99], "texture": "#block"},
				"west": {"uv": [14.99, 0.01, 9.01, 15.99], "texture": "#block"},
				"down": {"uv": [9.01, 15.01, 14.99, 15.99], "rotation": 90, "texture": "#block"}
			}
		},
		{
			"name": "Middle top",
			"from": [0.75, 15, 7],
			"to": [2.25, 16, 9],
			"faces": {
				"east": {"uv": [7.01, 0.01, 8.99, 0.99], "texture": "#block"},
				"west": {"uv": [8.99, 0.01, 7.01, 0.99], "texture": "#block"},
				"down": {"uv": [7.01, 0.01, 8.99, 0.99], "rotation": 90, "texture": "#block"}
			}
		},
		{
			"name": "Middle bottom",
			"from": [0.75, 0, 7],
			"to": [2.25, 3, 9],
			"faces": {
				"east": {"uv": [7.01, 13.01, 8.99, 15.99], "texture": "#block"},
				"west": {"uv": [8.99, 13.01, 7.01, 15.99], "texture": "#block"},
				"up": {"uv": [7.01, 13.01, 8.99, 13.99], "rotation": 270, "texture": "#block"},
				"down": {"uv": [7.01, 15.01, 8.99, 15.99], "rotation": 90, "texture": "#block"}
			}
		}
	]
}