{
	"ambientocclusion": false,
	"textures": {
		"particle": "block/oak_door_bottom",
		"block": "block/oak_door_bottom"
	},
	"elements": [
		{
			"name": "door_bottom",
			"from": [0, 0, 0],
			"to": [3, 16, 16],
			"faces": {
				"north": {"uv": [0, 0, 1, 16], "texture": "#block"},
				"east": {"uv": [16, 0, 0, 16], "texture": "#block"},
				"south": {"uv": [15, 0, 16, 16], "texture": "#block"},
				"west": {"uv": [0, 0, 16, 16], "texture": "#block"},
				"down": {"uv": [16, 15, 0, 16], "rotation": 90, "texture": "#block"}
			}
		}
	]
}