{
	"variants": {
		"axis=x": [
			{
				"model": "minecraft:block/birch_log_horizontal",
				"x": 90,
				"y": 90
			},
			{
				"model": "minecraft:block/birch_log_horizontal_2",
				"x": 90,
				"y": 90
			},
			{
				"model": "minecraft:block/birch_log_horizontal_3",
				"x": 90,
				"y": 90
			},
			{
				"model": "minecraft:block/birch_log_horizontal_4",
				"x": 90,
				"y": 90
			},
			{
				"model": "minecraft:block/birch_log_horizontal_5",
				"x": 90,
				"y": 90
			},
			{
				"model": "minecraft:block/birch_log_horizontal_6",
				"x": 90,
				"y": 90
			}
		],
		"axis=y": [
			{
				"model": "minecraft:block/birch_log"
			},
			{
				"model": "minecraft:block/birch_log_2"
			},
			{
				"model": "minecraft:block/birch_log_3"
			},
			{
				"model": "minecraft:block/birch_log_4"
			},
			{
				"model": "minecraft:block/birch_log_5"
			},
			{
				"model": "minecraft:block/birch_log_6"
			}
		],
		"axis=z": [
			{
				"model": "minecraft:block/birch_log_horizontal",
				"x": 90
			},
			{
				"model": "minecraft:block/birch_log_horizontal_2",
				"x": 90
			},
			{
				"model": "minecraft:block/birch_log_horizontal_3",
				"x": 90
			},
			{
				"model": "minecraft:block/birch_log_horizontal_4",
				"x": 90
			},
			{
				"model": "minecraft:block/birch_log_horizontal_5",
				"x": 90
			},
			{
				"model": "minecraft:block/birch_log_horizontal_6",
				"x": 90
			}
		]
	}
}