{
	"variants": {
		"": [
			{
				"model": "minecraft:block/mud"
			},
			{
				"model": "minecraft:block/mud",
				"y": 90
			},
			{
				"model": "minecraft:block/mud",
				"y": 180
			},
			{
				"model": "minecraft:block/mud",
				"y": 270
			},
			{
				"model": "minecraft:block/mud_2"
			},
			{
				"model": "minecraft:block/mud_2",
				"y": 90
			},
			{
				"model": "minecraft:block/mud_2",
				"y": 180
			},
			{
				"model": "minecraft:block/mud_2",
				"y": 270
			},
			{
				"model": "minecraft:block/mud_3"
			},
			{
				"model": "minecraft:block/mud_3",
				"y": 90
			},
			{
				"model": "minecraft:block/mud_3",
				"y": 180
			},
			{
				"model": "minecraft:block/mud_3",
				"y": 270
			},
			{
				"model": "minecraft:block/mud_4"
			},
			{
				"model": "minecraft:block/mud_4",
				"y": 90
			},
			{
				"model": "minecraft:block/mud_4",
				"y": 180
			},
			{
				"model": "minecraft:block/mud_4",
				"y": 270
			},
			{
				"model": "minecraft:block/mud_5"
			},
			{
				"model": "minecraft:block/mud_5",
				"y": 90
			},
			{
				"model": "minecraft:block/mud_5",
				"y": 180
			},
			{
				"model": "minecraft:block/mud_5",
				"y": 270
			},
			{
				"model": "minecraft:block/mud_6"
			},
			{
				"model": "minecraft:block/mud_6",
				"y": 90
			},
			{
				"model": "minecraft:block/mud_6",
				"y": 180
			},
			{
				"model": "minecraft:block/mud_6",
				"y": 270
			}
		]
	}
}