{
	"textures": {
		"particle": "block/oak_trapdoor",
		"block": "block/oak_trapdoor"
	},
	"elements": [
		{
			"name": "bottom",
			"from": [0, 0, 0],
			"to": [16, 3, 6],
			"faces": {
				"north": {"uv": [0, 15, 16, 16], "rotation": 180, "texture": "#block"},
				"east": {"uv": [15, 13, 16, 16], "rotation": 180, "texture": "#block"},
				"south": {"uv": [0, 10, 16, 11], "rotation": 180, "texture": "#block"},
				"west": {"uv": [0, 13, 1, 16], "rotation": 180, "texture": "#block"},
				"up": {"uv": [16, 10, 0, 16], "rotation": 180, "texture": "#block"},
				"down": {"uv": [16, 16, 0, 10], "rotation": 180, "texture": "#block"}
			}
		},
		{
			"name": "left",
			"from": [0, 0, 6],
			"to": [6, 3, 16],
			"faces": {
				"north": {"uv": [0, 0, 6, 3], "rotation": 180, "texture": "#missing"},
				"east": {"uv": [5, 0, 6, 10], "rotation": 270, "texture": "#block"},
				"south": {"uv": [0, 0, 6, 1], "rotation": 180, "texture": "#block"},
				"west": {"uv": [0, 0, 1, 10], "rotation": 180, "texture": "#block"},
				"up": {"uv": [6, 0, 0, 10], "rotation": 180, "texture": "#block"},
				"down": {"uv": [6, 10, 0, 0], "rotation": 180, "texture": "#block"}
			}
		},
		{
			"name": "right",
			"from": [10, 0, 6],
			"to": [16, 3, 16],
			"faces": {
				"north": {"uv": [0, 0, 6, 3], "rotation": 180, "texture": "#missing"},
				"east": {"uv": [15, 0, 16, 10], "rotation": 180, "texture": "#block"},
				"south": {"uv": [10, 0, 16, 1], "rotation": 180, "texture": "#block"},
				"west": {"uv": [10, 10, 11, 0], "rotation": 270, "texture": "#block"},
				"up": {"uv": [16, 0, 10, 10], "rotation": 180, "texture": "#block"},
				"down": {"uv": [16, 10, 10, 0], "rotation": 180, "texture": "#block"}
			}
		},
		{
			"name": "top",
			"from": [6, 0, 9],
			"to": [10, 3, 16],
			"faces": {
				"north": {"uv": [6, 6, 10, 7], "rotation": 180, "texture": "#block"},
				"east": {"uv": [0, 0, 6, 3], "rotation": 180, "texture": "#missing"},
				"south": {"uv": [6, 0, 10, 1], "rotation": 180, "texture": "#block"},
				"west": {"uv": [0, 0, 6, 3], "rotation": 180, "texture": "#missing"},
				"up": {"uv": [10, 0, 6, 7], "rotation": 180, "texture": "#block"},
				"down": {"uv": [10, 7, 6, 0], "rotation": 180, "texture": "#block"}
			}
		},
		{
			"name": "heart_top",
			"from": [7, 0, 8],
			"to": [9, 3, 9],
			"faces": {
				"north": {"uv": [7, 7, 9, 8], "rotation": 180, "texture": "#block"},
				"east": {"uv": [8, 7, 9, 8], "rotation": 180, "texture": "#block"},
				"south": {"uv": [0, 0, 2, 3], "rotation": 180, "texture": "#missing"},
				"west": {"uv": [7, 7, 8, 8], "rotation": 180, "texture": "#block"},
				"up": {"uv": [7, 7, 9, 8], "rotation": 180, "texture": "#block"},
				"down": {"uv": [9, 7, 7, 8], "rotation": 180, "texture": "#block"}
			}
		},
		{
			"name": "heart_bottom_left",
			"from": [6, 0, 6],
			"to": [7, 3, 7],
			"faces": {
				"north": {"uv": [0, 0, 1, 3], "rotation": 180, "texture": "#missing"},
				"east": {"uv": [6, 9, 7, 10], "rotation": 180, "texture": "#block"},
				"south": {"uv": [6, 9, 7, 10], "rotation": 180, "texture": "#block"},
				"west": {"uv": [0, 0, 1, 3], "rotation": 180, "texture": "#missing"},
				"up": {"uv": [6, 9, 7, 10], "rotation": 180, "texture": "#block"},
				"down": {"uv": [6, 9, 7, 10], "rotation": 180, "texture": "#block"}
			}
		},
		{
			"name": "heart_bottom_right",
			"from": [9, 0, 6],
			"to": [10, 3, 7],
			"faces": {
				"north": {"uv": [0, 0, 1, 3], "rotation": 180, "texture": "#missing"},
				"east": {"uv": [0, 0, 1, 3], "rotation": 180, "texture": "#missing"},
				"south": {"uv": [9, 9, 10, 10], "rotation": 180, "texture": "#block"},
				"west": {"uv": [9, 9, 10, 10], "rotation": 180, "texture": "#block"},
				"up": {"uv": [9, 9, 10, 10], "rotation": 180, "texture": "#block"},
				"down": {"uv": [9, 9, 10, 10], "rotation": 180, "texture": "#block"}
			}
		}
	],
	"display": {
		"thirdperson_righthand": {
			"rotation": [68, 135, 0],
			"translation": [0, 3.25, 1.75],
			"scale": [0.4, 0.4, 0.4]
		},
		"thirdperson_lefthand": {
			"rotation": [68, 135, 0],
			"translation": [0, 3.25, 1.75],
			"scale": [0.4, 0.4, 0.4]
		},
		"firstperson_righthand": {
			"rotation": [6, 126, 0],
			"translation": [1, 2.5, -1.5],
			"scale": [0.6, 0.6, 0.6]
		},
		"firstperson_lefthand": {
			"rotation": [6, 126, 0],
			"translation": [1, 2.5, -1.5],
			"scale": [0.6, 0.6, 0.6]
		},
		"ground": {
			"translation": [0, 2.5, 0],
			"scale": [0.25, 0.25, 0.25]
		},
		"gui": {
			"rotation": [28, -135, 0],
			"scale": [0.6, 0.6, 0.6]
		},
		"head": {
			"translation": [0, 14.5, 0]
		},
		"fixed": {
			"rotation": [-90, 0, 0],
			"translation": [0, 0, -4],
			"scale": [0.5, 0.5, 0.5]
		}
	},
	"groups": [
		{
			"name": "trapdoor",
			"origin": [0, 0, 0],
			"color": 0,
			"children": [0, 1, 2, 3, 4, 5, 6]
		}
	]
}