{
	"textures": {
		"particle": "block/oak_trapdoor",
		"block": "block/oak_trapdoor"
	},
	"elements": [
		{
			"name": "bottom",
			"from": [0, 0, 13],
			"to": [16, 6, 16],
			"faces": {
				"north": {"uv": [16, 16, 0, 10], "rotation": 180, "texture": "#block"},
				"east": {"uv": [0, 13, 1, 16], "rotation": 90, "texture": "#block"},
				"south": {"uv": [16, 10, 0, 16], "texture": "#block"},
				"west": {"uv": [15, 13, 16, 16], "rotation": 270, "texture": "#block"},
				"up": {"uv": [0, 10, 16, 11], "texture": "#block"},
				"down": {"uv": [0, 15, 16, 16], "rotation": 180, "texture": "#block"}
			}
		},
		{
			"name": "left",
			"from": [10, 6, 13],
			"to": [16, 16, 16],
			"faces": {
				"north": {"uv": [6, 10, 0, 0], "rotation": 180, "texture": "#block"},
				"east": {"uv": [0, 0, 1, 10], "rotation": 90, "texture": "#block"},
				"south": {"uv": [6, 0, 0, 10], "texture": "#block"},
				"west": {"uv": [5, 0, 6, 10], "texture": "#block"},
				"up": {"uv": [0, 0, 6, 1], "texture": "#block"},
				"down": {"uv": [0, 0, 6, 3], "rotation": 180, "texture": "#missing"}
			}
		},
		{
			"name": "right",
			"from": [0, 6, 13],
			"to": [6, 16, 16],
			"faces": {
				"north": {"uv": [16, 10, 10, 0], "rotation": 180, "texture": "#block"},
				"east": {"uv": [10, 10, 11, 0], "rotation": 180, "texture": "#block"},
				"south": {"uv": [16, 0, 10, 10], "texture": "#block"},
				"west": {"uv": [15, 0, 16, 10], "rotation": 270, "texture": "#block"},
				"up": {"uv": [10, 0, 16, 1], "texture": "#block"},
				"down": {"uv": [0, 0, 6, 3], "rotation": 180, "texture": "#missing"}
			}
		},
		{
			"name": "top",
			"from": [6, 9, 13],
			"to": [10, 16, 16],
			"faces": {
				"north": {"uv": [10, 7, 6, 0], "rotation": 180, "texture": "#block"},
				"east": {"uv": [0, 0, 6, 3], "rotation": 90, "texture": "#missing"},
				"south": {"uv": [10, 0, 6, 7], "texture": "#block"},
				"west": {"uv": [0, 0, 6, 3], "rotation": 270, "texture": "#missing"},
				"up": {"uv": [6, 0, 10, 1], "texture": "#block"},
				"down": {"uv": [6, 6, 10, 7], "rotation": 180, "texture": "#block"}
			}
		},
		{
			"name": "heart_top",
			"from": [7, 8, 13],
			"to": [9, 9, 16],
			"faces": {
				"north": {"uv": [9, 7, 7, 8], "rotation": 180, "texture": "#block"},
				"east": {"uv": [7, 7, 8, 8], "rotation": 90, "texture": "#block"},
				"south": {"uv": [7, 7, 9, 8], "texture": "#block"},
				"west": {"uv": [8, 7, 9, 8], "rotation": 270, "texture": "#block"},
				"up": {"uv": [0, 0, 2, 3], "texture": "#missing"},
				"down": {"uv": [7, 7, 9, 8], "rotation": 180, "texture": "#block"}
			}
		},
		{
			"name": "heart_bottom_left",
			"from": [9, 6, 13],
			"to": [10, 7, 16],
			"faces": {
				"north": {"uv": [6, 9, 7, 10], "rotation": 180, "texture": "#block"},
				"east": {"uv": [0, 0, 1, 3], "rotation": 90, "texture": "#missing"},
				"south": {"uv": [6, 9, 7, 10], "texture": "#block"},
				"west": {"uv": [6, 9, 7, 10], "rotation": 270, "texture": "#block"},
				"up": {"uv": [6, 9, 7, 10], "texture": "#block"},
				"down": {"uv": [0, 0, 1, 3], "rotation": 180, "texture": "#missing"}
			}
		},
		{
			"name": "heart_bottom_right",
			"from": [6, 6, 13],
			"to": [7, 7, 16],
			"faces": {
				"north": {"uv": [9, 9, 10, 10], "rotation": 180, "texture": "#block"},
				"east": {"uv": [9, 9, 10, 10], "rotation": 90, "texture": "#block"},
				"south": {"uv": [9, 9, 10, 10], "texture": "#block"},
				"west": {"uv": [0, 0, 1, 3], "rotation": 270, "texture": "#missing"},
				"up": {"uv": [9, 9, 10, 10], "texture": "#block"},
				"down": {"uv": [0, 0, 1, 3], "rotation": 180, "texture": "#missing"}
			}
		}
	]
}
