{
	"textures": {
		"particle": "#texture"
	},
	"elements": [
		{
			"from": [
				5,
				0,
				6
			],
			"to": [
				11,
				1,
				10
			],
			"faces": {
				"north": {
					"uv": [
						5,
						12,
						11,
						13
					],
					"texture": "#texture"
				},
				"east": {
					"uv": [
						11,
						8,
						12,
						12
					],
					"rotation": 90,
					"texture": "#texture"
				},
				"south": {
					"uv": [
						5,
						7,
						11,
						8
					],
					"rotation": 180,
					"texture": "#texture"
				},
				"west": {
					"uv": [
						4,
						8,
						5,
						12
					],
					"rotation": 270,
					"texture": "#texture"
				},
				"up": {
					"uv": [
						5,
						8,
						11,
						12
					],
					"texture": "#texture"
				},
				"down": {
					"uv": [
						5,
						2,
						11,
						6
					],
					"texture": "#texture",
					"cullface": "down"
				}
			}
		}
	]
}
