{
	"parent": "block/block",
	"textures": {
		"particle": "#texture"
	},
	"elements": [
		{
			"from": [5, 6, 6],
			"to": [11, 10, 10],
			"faces": {
				"north": {"uv": [5, 8, 11, 12], "texture": "#texture"},
				"east": {"uv": [3, 8, 5, 12], "texture": "#texture"},
				"south": {"uv": [5, 6, 11, 2], "texture": "#texture"},
				"west": {"uv": [11, 8, 13, 12], "texture": "#texture"},
				"up": {"uv": [5, 8, 11, 6], "texture": "#texture"},
				"down": {"uv": [5, 12, 11, 14], "texture": "#texture"}
			}
		}
	]
}