{
	"textures": {
		"particle": "#texture"
	},
	"elements": [
		{
			"from": [5, 0, 6],
			"to": [11, 2, 10],
			"faces": {
				"north": {"uv": [5, 12, 11, 14], "texture": "#texture"},
				"east": {"uv": [11, 8, 13, 12], "rotation": 90, "texture": "#texture"},
				"south": {"uv": [5, 6, 11, 8], "rotation": 180, "texture": "#texture"},
				"west": {"uv": [3, 8, 5, 12], "rotation": 270, "texture": "#texture"},
				"up": {"uv": [5, 8, 11, 12], "texture": "#texture"},
				"down": {"uv": [5, 2, 11, 6], "texture": "#texture", "cullface": "down"}
			}
		}
	]
}
