{
	"textures": {
		"particle": "block/iron_door_bottom",
		"block": "block/iron_door_bottom"
	},
	"elements": [
		{
			"name": "Inner Block",
			"from": [
				0,
				0,
				0
			],
			"to": [
				3,
				16,
				16
			],
			"faces": {
				"north": {
					"uv": [
						0,
						0,
						1,
						16
					],
					"texture": "#block"
				},
				"east": {
					"uv": [
						16,
						0,
						0,
						16
					],
					"texture": "#block"
				},
				"south": {
					"uv": [
						0,
						7,
						1,
						8
					],
					"texture": "#block"
				},
				"west": {
					"uv": [
						0,
						0,
						16,
						16
					],
					"texture": "#block"
				},
				"down": {
					"uv": [
						0,
						2,
						1,
						6
					],
					"texture": "#block"
				}
			}
		}
	]
}