{
	"ambientocclusion": false,
	"textures": {
		"particle": "block/spruce_trapdoor",
		"block": "block/spruce_trapdoor"
	},
	"elements": [
		{
			"from": [
				0,
				0,
				0
			],
			"to": [
				16,
				3,
				16
			],
			"faces": {
				"north": {
					"uv": [
						16,
						15,
						0,
						16
					],
					"texture": "#block"
				},
				"east": {
					"uv": [
						15,
						0,
						16,
						16
					],
					"rotation": 90,
					"texture": "#block"
				},
				"south": {
					"uv": [
						16,
						0,
						0,
						1
					],
					"rotation": 180,
					"texture": "#block"
				},
				"west": {
					"uv": [
						0,
						0,
						1,
						16
					],
					"rotation": 270,
					"texture": "#block"
				},
				"up": {
					"uv": [
						0,
						0,
						16,
						16
					],
					"texture": "#block"
				},
				"down": {
					"uv": [
						16,
						0,
						0,
						16
					],
					"rotation": 180,
					"texture": "#block"
				}
			}
		}
	],
	"display": {
		"thirdperson_righthand": {
			"rotation": [
				68,
				135,
				0
			],
			"translation": [
				0,
				3.25,
				1.75
			],
			"scale": [
				0.4,
				0.4,
				0.4
			]
		},
		"thirdperson_lefthand": {
			"rotation": [
				68,
				135,
				0
			],
			"translation": [
				0,
				3.25,
				1.75
			],
			"scale": [
				0.4,
				0.4,
				0.4
			]
		},
		"firstperson_righthand": {
			"rotation": [
				6,
				126,
				0
			],
			"translation": [
				1,
				2.5,
				-1.5
			],
			"scale": [
				0.6,
				0.6,
				0.6
			]
		},
		"firstperson_lefthand": {
			"rotation": [
				6,
				126,
				0
			],
			"translation": [
				1,
				2.5,
				-1.5
			],
			"scale": [
				0.6,
				0.6,
				0.6
			]
		},
		"ground": {
			"translation": [
				0,
				2.5,
				0
			],
			"scale": [
				0.25,
				0.25,
				0.25
			]
		},
		"gui": {
			"rotation": [
				28,
				-135,
				0
			],
			"scale": [
				0.6,
				0.6,
				0.6
			]
		},
		"head": {
			"translation": [
				0,
				14.5,
				0
			]
		},
		"fixed": {
			"rotation": [
				-90,
				0,
				0
			],
			"translation": [
				0,
				0,
				-4
			],
			"scale": [
				0.5,
				0.5,
				0.5
			]
		}
	},
	"groups": [
		{
			"name": "trapdoor",
			"origin": [
				0,
				0,
				0
			],
			"color": 0,
			"children": [
				0
			]
		}
	]
}